[1, 1001, 11763, 0, 1000001, 9, {}],
[2, 1001, 11783, 0, 1000002, 9, {}],
[3, 1001, 11771, 0, 1000003, 9, {}],
[4, 1001, 11833, 0, 1000004, 9, {}],
[5, 1001, 11813, 0, 1000005, 9, {}],
[6, 1001, 11853, 0, 1000006, 9, {}],
[7, 1001, 11906, 0, 1000007, 9, {}],
[8, 1001, 11933, 0, 1000008, 9, {}],
[9, 1001, 11850, 0, 1000009, 9, {}],
[10, 1001, 11769, 0, 1000010, 9, {}],
[11, 1001, 11847, 0, 1000011, 9, {}],
[12, 1001, 11814, 0, 1000012, 9, {}],
[13, 1001, 11789, 0, 1000013, 9, {}],
[14, 1001, 11806, 0, 1000014, 9, {}],
[15, 1001, 11915, 0, 1000015, 9, {}],
[16, 1001, 11940, 0, 1000016, 9, {}],
[17, 1001, 11987, 0, 1000017, 9, {}],
[18, 1001, 11861, 0, 1000018, 9, {}],
[19, 1001, 11813, 0, 1000019, 9, {}],
[20, 1001, 11842, 0, 1000020, 9, {}],
[21, 1001, 11824, 0, 1000021, 9, {}],
[22, 1001, 11785, 0, 1000022, 9, {}],
[23, 1001, 11773, 0, 1000023, 9, {}],
[24, 1001, 11849, 0, 1000024, 9, {}],
[25, 1001, 11854, 0, 1000025, 9, {}],
[30, 1001, 11876, 0, 1000026, 9, {}],
[30, 1001, 11892, 0, 1000027, 9, {}],
[30, 1001, 11869, 0, 1000028, 9, {}],
[30, 1001, 11797, 0, 1000029, 9, {}],
[30, 1001, 11833, 0, 1000030, 9, {}],
[31, 1001, 11787, 0, 1000031, 9, {}],
[32, 1001, 11740, 0, 1000032, 9, {}],
[33, 1001, 11692, 0, 1000033, 9, {}],
[34, 1001, 11645, 0, 1000034, 9, {}],
[35, 1001, 11634, 0, 1000035, 9, {}],
[36, 1001, 11670, 0, 1000036, 9, {}],
[37, 1001, 11702, 0, 1000037, 9, {}],
[38, 1001, 11708, 0, 1000038, 9, {}],
[39, 1001, 11752, 0, 1000039, 9, {}],
[40, 1001, 11730, 0, 1000040, 9, {}],
[41, 1001, 11768, 0, 1000041, 9, {}],
[42, 1001, 11795, 0, 1000042, 9, {}],
[43, 1001, 11770, 0, 1000043, 9, {}],
[44, 1001, 11765, 0, 1000044, 9, {}],
[45, 1001, 11795, 0, 1000045, 9, {}],
[46, 1001, 11799, 0, 1000046, 9, {}],
[47, 1001, 11787, 0, 1000047, 9, {}],
