1,1,1001,10833,0,1000001,0
1,2,1001,10833,0,1000002,0
2,2,2001,10833,1,2000001,0
3,2,3001,10833,2,3000001,0
4,2,4001,10833,3,4000001,0
5,2,5001,10833,4,5000001,0
2,2,2001,10833,1,2000002,0
3,2,3001,10833,2,3000002,0
4,2,4001,10833,3,4000002,0
5,2,5001,10833,4,5000002,0
1,3,1001,10833,0,1000003,0
2,3,2001,10833,1,2000003,0
3,3,3001,10833,2,3000003,0
4,3,4001,10833,3,4000003,0
5,3,5001,10833,4,5000003,0
2,3,2001,10833,1,2000004,0
3,3,3001,21666,2,3000004,0
4,3,4001,32499,3,4000004,0
5,3,5001,43332,4,5000004,0
1,4,1001,10833,0,1000004,0
2,4,2001,10833,1,2000005,0
3,4,3001,10833,2,3000005,0
4,4,4001,10833,3,4000005,0
5,4,5001,10833,4,5000005,0
2,4,2001,10833,1,2000006,0
3,4,3001,21666,2,3000006,0
4,4,4001,32499,3,4000006,0
5,4,5001,43332,4,5000006,0
1,5,1001,10833,0,1000005,0
2,5,2001,10833,1,2000007,0
3,5,3001,10833,2,3000007,0
4,5,4001,10833,3,4000007,0
5,5,5001,10833,4,5000007,0
2,5,2001,10833,1,2000008,0
3,5,3001,21666,2,3000008,0
4,5,4001,32499,3,4000008,0
5,5,5001,43332,4,5000008,0
1,6,1001,10833,0,1000006,0
2,6,2001,10833,1,2000009,0
3,6,3001,10833,2,3000009,0
4,6,4001,10833,3,4000009,0
5,6,5001,10833,4,5000009,0
2,6,2001,10833,1,2000010,0
3,6,3001,21666,2,3000010,0
4,6,4001,32499,3,4000010,0
5,6,5001,43332,4,5000010,0
1,7,1001,10833,0,1000007,0
2,7,2001,10833,1,2000011,0
3,7,3001,10833,2,3000011,0
4,7,4001,10833,3,4000011,0
5,7,5001,10833,4,5000011,0
2,7,2001,10833,1,2000012,0
3,7,3001,21666,2,3000012,0
4,7,4001,32499,3,4000012,0
5,7,5001,43332,4,5000012,0
1,8,1001,10833,0,1000008,0
2,8,2001,10833,1,2000013,0
3,8,3001,10833,2,3000013,0
4,8,4001,10833,3,4000013,0
5,8,5001,10833,4,5000013,0
2,8,2001,10833,1,2000014,0
3,8,3001,21666,2,3000014,0
4,8,4001,32499,3,4000014,0
5,8,5001,43332,4,5000014,0
1,9,1001,10833,0,1000009,0
2,9,2001,10833,1,2000015,0
3,9,3001,10833,2,3000015,0
4,9,4001,10833,3,4000015,0
5,9,5001,10833,4,5000015,0
2,9,2001,10833,1,2000016,0
3,9,3001,21666,2,3000016,0
4,9,4001,32499,3,4000016,0
5,9,5001,43332,4,5000016,0
1,10,1001,12301,0,1000010,0
2,10,2001,12301,1,2000017,0
3,10,3001,12301,2,3000017,0
4,10,4001,12301,3,4000017,0
5,10,5001,12301,4,5000017,0
2,10,2001,12301,1,2000018,0
3,10,3001,24602,2,3000018,0
4,10,4001,36903,3,4000018,0
5,10,5001,49204,4,5000018,0
1,11,1001,12301,0,1000011,0
2,11,2001,12301,1,2000019,0
3,11,3001,12301,2,3000019,0
4,11,4001,12301,3,4000019,0
5,11,5001,12301,4,5000019,0
2,11,2001,12301,1,2000020,0
3,11,3001,24602,2,3000020,0
4,11,4001,36903,3,4000020,0
5,11,5001,49204,4,5000020,0
1,12,1001,12301,0,1000012,0
2,12,2001,12301,1,2000021,0
3,12,3001,12301,2,3000021,0
4,12,4001,12301,3,4000021,0
5,12,5001,12301,4,5000021,0
2,12,2001,12301,1,2000022,0
3,12,3001,24602,2,3000022,0
4,12,4001,36903,3,4000022,0
5,12,5001,49204,4,5000022,0
1,13,1001,12301,0,1000013,0
2,13,2001,12301,1,2000023,0
3,13,3001,12301,2,3000023,0
4,13,4001,12301,3,4000023,0
5,13,5001,12301,4,5000023,0
2,13,2001,12301,1,2000024,0
3,13,3001,24602,2,3000024,0
4,13,4001,36903,3,4000024,0
5,13,5001,49204,4,5000024,0
1,14,1001,12301,0,1000014,0
2,14,2001,12301,1,2000025,0
3,14,3001,12301,2,3000025,0
4,14,4001,12301,3,4000025,0
5,14,5001,12301,4,5000025,0
2,14,2001,12301,1,2000026,0
3,14,3001,24602,2,3000026,0
4,14,4001,36903,3,4000026,0
5,14,5001,49204,4,5000026,0
1,15,1001,12301,0,1000015,0
2,15,2001,12301,1,2000027,0
3,15,3001,12301,2,3000027,0
4,15,4001,12301,3,4000027,0
5,15,5001,12301,4,5000027,0
2,15,2001,12301,1,2000028,0
3,15,3001,24602,2,3000028,0
4,15,4001,36903,3,4000028,0
5,15,5001,49204,4,5000028,0
1,16,1001,12301,0,1000016,0
2,16,2001,12301,1,2000029,0
3,16,3001,12301,2,3000029,0
4,16,4001,12301,3,4000029,0
5,16,5001,12301,4,5000029,0
2,16,2001,12301,1,2000030,0
3,16,3001,24602,2,3000030,0
4,16,4001,36903,3,4000030,0
5,16,5001,49204,4,5000030,0
1,17,1001,12301,0,1000017,0
2,17,2001,12301,1,2000031,0
3,17,3001,12301,2,3000031,0
4,17,4001,12301,3,4000031,0
5,17,5001,12301,4,5000031,0
2,17,2001,12301,1,2000032,0
3,17,3001,24602,2,3000032,0
4,17,4001,36903,3,4000032,0
5,17,5001,49204,4,5000032,0
1,18,1001,12301,0,1000018,0
2,18,2001,12301,1,2000033,0
3,18,3001,12301,2,3000033,0
4,18,4001,12301,3,4000033,0
5,18,5001,12301,4,5000033,0
2,18,2001,12301,1,2000034,0
3,18,3001,24602,2,3000034,0
4,18,4001,36903,3,4000034,0
5,18,5001,49204,4,5000034,0
1,19,1001,12301,0,1000019,0
2,19,2001,12301,1,2000035,0
3,19,3001,12301,2,3000035,0
4,19,4001,12301,3,4000035,0
5,19,5001,12301,4,5000035,0
2,19,2001,12301,1,2000036,0
3,19,3001,24602,2,3000036,0
4,19,4001,36903,3,4000036,0
5,19,5001,49204,4,5000036,0
1,20,1001,12944,0,1000020,0
2,20,2001,12944,1,2000037,0
3,20,3001,12944,2,3000037,0
4,20,4001,12944,3,4000037,0
5,20,5001,12944,4,5000037,0
2,20,2001,12944,1,2000038,0
3,20,3001,25888,2,3000038,0
4,20,4001,38832,3,4000038,0
5,20,5001,51776,4,5000038,0
1,21,1001,12944,0,1000021,0
2,21,2001,12944,1,2000039,0
3,21,3001,12944,2,3000039,0
4,21,4001,12944,3,4000039,0
5,21,5001,12944,4,5000039,0
2,21,2001,12944,1,2000040,0
3,21,3001,25888,2,3000040,0
4,21,4001,38832,3,4000040,0
5,21,5001,51776,4,5000040,0
1,22,1001,12944,0,1000022,0
2,22,2001,12944,1,2000041,0
3,22,3001,12944,2,3000041,0
4,22,4001,12944,3,4000041,0
5,22,5001,12944,4,5000041,0
2,22,2001,12944,1,2000042,0
3,22,3001,25888,2,3000042,0
4,22,4001,38832,3,4000042,0
5,22,5001,51776,4,5000042,0
1,23,1001,12944,0,1000023,0
2,23,2001,12944,1,2000043,0
3,23,3001,12944,2,3000043,0
4,23,4001,12944,3,4000043,0
5,23,5001,12944,4,5000043,0
2,23,2001,12944,1,2000044,0
3,23,3001,25888,2,3000044,0
4,23,4001,38832,3,4000044,0
5,23,5001,51776,4,5000044,0
1,24,1001,12944,0,1000024,0
2,24,2001,12944,1,2000045,0
3,24,3001,12944,2,3000045,0
4,24,4001,12944,3,4000045,0
5,24,5001,12944,4,5000045,0
2,24,2001,12944,1,2000046,0
3,24,3001,25888,2,3000046,0
4,24,4001,38832,3,4000046,0
5,24,5001,51776,4,5000046,0
1,25,1001,12944,0,1000025,0
2,25,2001,12944,1,2000047,0
3,25,3001,12944,2,3000047,0
4,25,4001,12944,3,4000047,0
5,25,5001,12944,4,5000047,0
2,25,2001,12944,1,2000048,0
3,25,3001,25888,2,3000048,0
4,25,4001,38832,3,4000048,0
5,25,5001,51776,4,5000048,0
1,26,1001,12944,0,1000026,0
2,26,2001,12944,1,2000049,0
3,26,3001,12944,2,3000049,0
4,26,4001,12944,3,4000049,0
5,26,5001,12944,4,5000049,0
2,26,2001,12944,1,2000050,0
3,26,3001,25888,2,3000050,0
4,26,4001,38832,3,4000050,0
5,26,5001,51776,4,5000050,0
1,27,1001,12944,0,1000027,0
2,27,2001,12944,1,2000051,0
3,27,3001,12944,2,3000051,0
4,27,4001,12944,3,4000051,0
5,27,5001,12944,4,5000051,0
2,27,2001,12944,1,2000052,0
3,27,3001,25888,2,3000052,0
4,27,4001,38832,3,4000052,0
5,27,5001,51776,4,5000052,0
1,28,1001,12944,0,1000028,0
2,28,2001,12944,1,2000053,0
3,28,3001,12944,2,3000053,0
4,28,4001,12944,3,4000053,0
5,28,5001,12944,4,5000053,0
2,28,2001,12944,1,2000054,0
3,28,3001,25888,2,3000054,0
4,28,4001,38832,3,4000054,0
5,28,5001,51776,4,5000054,0
1,29,1001,12944,0,1000029,0
2,29,2001,12944,1,2000055,0
3,29,3001,12944,2,3000055,0
4,29,4001,12944,3,4000055,0
5,29,5001,12944,4,5000055,0
2,29,2001,12944,1,2000056,0
3,29,3001,25888,2,3000056,0
4,29,4001,38832,3,4000056,0
5,29,5001,51776,4,5000056,0
1,30,1001,14430,0,1000030,0
2,30,2001,14430,1,2000057,0
3,30,3001,14430,2,3000057,0
4,30,4001,14430,3,4000057,0
5,30,5001,14430,4,5000057,0
2,30,2001,14430,1,2000058,0
3,30,3001,28860,2,3000058,0
4,30,4001,43290,3,4000058,0
5,30,5001,57720,4,5000058,0
1,31,1001,14430,0,1000031,0
2,31,2001,14430,1,2000059,0
3,31,3001,14430,2,3000059,0
4,31,4001,14430,3,4000059,0
5,31,5001,14430,4,5000059,0
2,31,2001,14430,1,2000060,0
3,31,3001,28860,2,3000060,0
4,31,4001,43290,3,4000060,0
5,31,5001,57720,4,5000060,0
1,32,1001,14430,0,1000032,0
2,32,2001,14430,1,2000061,0
3,32,3001,14430,2,3000061,0
4,32,4001,14430,3,4000061,0
5,32,5001,14430,4,5000061,0
2,32,2001,14430,1,2000062,0
3,32,3001,28860,2,3000062,0
4,32,4001,43290,3,4000062,0
5,32,5001,57720,4,5000062,0
1,33,1001,14430,0,1000033,0
2,33,2001,14430,1,2000063,0
3,33,3001,14430,2,3000063,0
4,33,4001,14430,3,4000063,0
5,33,5001,14430,4,5000063,0
2,33,2001,14430,1,2000064,0
3,33,3001,28860,2,3000064,0
4,33,4001,43290,3,4000064,0
5,33,5001,57720,4,5000064,0
1,34,1001,14430,0,1000034,0
2,34,2001,14430,1,2000065,0
3,34,3001,14430,2,3000065,0
4,34,4001,14430,3,4000065,0
5,34,5001,14430,4,5000065,0
2,34,2001,14430,1,2000066,0
3,34,3001,28860,2,3000066,0
4,34,4001,43290,3,4000066,0
5,34,5001,57720,4,5000066,0
1,35,1001,14430,0,1000035,0
2,35,2001,14430,1,2000067,0
3,35,3001,14430,2,3000067,0
4,35,4001,14430,3,4000067,0
5,35,5001,14430,4,5000067,0
2,35,2001,14430,1,2000068,0
3,35,3001,28860,2,3000068,0
4,35,4001,43290,3,4000068,0
5,35,5001,57720,4,5000068,0
1,36,1001,14430,0,1000036,0
2,36,2001,14430,1,2000069,0
3,36,3001,14430,2,3000069,0
4,36,4001,14430,3,4000069,0
5,36,5001,14430,4,5000069,0
2,36,2001,14430,1,2000070,0
3,36,3001,28860,2,3000070,0
4,36,4001,43290,3,4000070,0
5,36,5001,57720,4,5000070,0
1,37,1001,14430,0,1000037,0
2,37,2001,14430,1,2000071,0
3,37,3001,14430,2,3000071,0
4,37,4001,14430,3,4000071,0
5,37,5001,14430,4,5000071,0
2,37,2001,14430,1,2000072,0
3,37,3001,28860,2,3000072,0
4,37,4001,43290,3,4000072,0
5,37,5001,57720,4,5000072,0
1,38,1001,14430,0,1000038,0
2,38,2001,14430,1,2000073,0
3,38,3001,14430,2,3000073,0
4,38,4001,14430,3,4000073,0
5,38,5001,14430,4,5000073,0
2,38,2001,14430,1,2000074,0
3,38,3001,28860,2,3000074,0
4,38,4001,43290,3,4000074,0
5,38,5001,57720,4,5000074,0
1,39,1001,14430,0,1000039,0
2,39,2001,14430,1,2000075,0
3,39,3001,14430,2,3000075,0
4,39,4001,14430,3,4000075,0
5,39,5001,14430,4,5000075,0
2,39,2001,14430,1,2000076,0
3,39,3001,28860,2,3000076,0
4,39,4001,43290,3,4000076,0
5,39,5001,57720,4,5000076,0
1,40,1001,14145,0,1000040,0
2,40,2001,14145,1,2000077,0
3,40,3001,14145,2,3000077,0
4,40,4001,14145,3,4000077,0
5,40,5001,14145,4,5000077,0
2,40,2001,14145,1,2000078,0
3,40,3001,28290,2,3000078,0
4,40,4001,42435,3,4000078,0
5,40,5001,56580,4,5000078,0
1,41,1001,14145,0,1000041,0
2,41,2001,14145,1,2000079,0
3,41,3001,14145,2,3000079,0
4,41,4001,14145,3,4000079,0
5,41,5001,14145,4,5000079,0
2,41,2001,14145,1,2000080,0
3,41,3001,28290,2,3000080,0
4,41,4001,42435,3,4000080,0
5,41,5001,56580,4,5000080,0
1,42,1001,14145,0,1000042,0
2,42,2001,14145,1,2000081,0
3,42,3001,14145,2,3000081,0
4,42,4001,14145,3,4000081,0
5,42,5001,14145,4,5000081,0
2,42,2001,14145,1,2000082,0
3,42,3001,28290,2,3000082,0
4,42,4001,42435,3,4000082,0
5,42,5001,56580,4,5000082,0
1,43,1001,14145,0,1000043,0
2,43,2001,14145,1,2000083,0
3,43,3001,14145,2,3000083,0
4,43,4001,14145,3,4000083,0
5,43,5001,14145,4,5000083,0
2,43,2001,14145,1,2000084,0
3,43,3001,28290,2,3000084,0
4,43,4001,42435,3,4000084,0
5,43,5001,56580,4,5000084,0
1,44,1001,14145,0,1000044,0
2,44,2001,14145,1,2000085,0
3,44,3001,14145,2,3000085,0
4,44,4001,14145,3,4000085,0
5,44,5001,14145,4,5000085,0
2,44,2001,14145,1,2000086,0
3,44,3001,28290,2,3000086,0
4,44,4001,42435,3,4000086,0
5,44,5001,56580,4,5000086,0
1,45,1001,14145,0,1000045,0
2,45,2001,14145,1,2000087,0
3,45,3001,14145,2,3000087,0
4,45,4001,14145,3,4000087,0
5,45,5001,14145,4,5000087,0
2,45,2001,14145,1,2000088,0
3,45,3001,28290,2,3000088,0
4,45,4001,42435,3,4000088,0
5,45,5001,56580,4,5000088,0
1,46,1001,14145,0,1000046,0
2,46,2001,14145,1,2000089,0
3,46,3001,14145,2,3000089,0
4,46,4001,14145,3,4000089,0
5,46,5001,14145,4,5000089,0
2,46,2001,14145,1,2000090,0
3,46,3001,28290,2,3000090,0
4,46,4001,42435,3,4000090,0
5,46,5001,56580,4,5000090,0
1,47,1001,14145,0,1000047,0
2,47,2001,14145,1,2000091,0
3,47,3001,14145,2,3000091,0
4,47,4001,14145,3,4000091,0
5,47,5001,14145,4,5000091,0
2,47,2001,14145,1,2000092,0
3,47,3001,28290,2,3000092,0
4,47,4001,42435,3,4000092,0
5,47,5001,56580,4,5000092,0
1,48,1001,14145,0,1000048,0
2,48,2001,14145,1,2000093,0
3,48,3001,14145,2,3000093,0
4,48,4001,14145,3,4000093,0
5,48,5001,14145,4,5000093,0
2,48,2001,14145,1,2000094,0
3,48,3001,28290,2,3000094,0
4,48,4001,42435,3,4000094,0
5,48,5001,56580,4,5000094,0
1,49,1001,14145,0,1000049,0
2,49,2001,14145,1,2000095,0
3,49,3001,14145,2,3000095,0
4,49,4001,14145,3,4000095,0
5,49,5001,14145,4,5000095,0
2,49,2001,14145,1,2000096,0
3,49,3001,28290,2,3000096,0
4,49,4001,42435,3,4000096,0
5,49,5001,56580,4,5000096,0
1,50,1001,13355,0,1000050,0
2,50,2001,13355,1,2000097,0
3,50,3001,13355,2,3000097,0
4,50,4001,13355,3,4000097,0
5,50,5001,13355,4,5000097,0
2,50,2001,13355,1,2000098,0
3,50,3001,26710,2,3000098,0
4,50,4001,40065,3,4000098,0
5,50,5001,53420,4,5000098,0
1,51,1001,13355,0,1000051,0
2,51,2001,13355,1,2000099,0
3,51,3001,13355,2,3000099,0
4,51,4001,13355,3,4000099,0
5,51,5001,13355,4,5000099,0
2,51,2001,13355,1,2000100,0
3,51,3001,26710,2,3000100,0
4,51,4001,40065,3,4000100,0
5,51,5001,53420,4,5000100,0
1,52,1001,13355,0,1000052,0
2,52,2001,13355,1,2000101,0
3,52,3001,13355,2,3000101,0
4,52,4001,13355,3,4000101,0
5,52,5001,13355,4,5000101,0
2,52,2001,13355,1,2000102,0
3,52,3001,26710,2,3000102,0
4,52,4001,40065,3,4000102,0
5,52,5001,53420,4,5000102,0
1,53,1001,13355,0,1000053,0
2,53,2001,13355,1,2000103,0
3,53,3001,13355,2,3000103,0
4,53,4001,13355,3,4000103,0
5,53,5001,13355,4,5000103,0
2,53,2001,13355,1,2000104,0
3,53,3001,26710,2,3000104,0
4,53,4001,40065,3,4000104,0
5,53,5001,53420,4,5000104,0
1,54,1001,13355,0,1000054,0
2,54,2001,13355,1,2000105,0
3,54,3001,13355,2,3000105,0
4,54,4001,13355,3,4000105,0
5,54,5001,13355,4,5000105,0
2,54,2001,13355,1,2000106,0
3,54,3001,26710,2,3000106,0
4,54,4001,40065,3,4000106,0
5,54,5001,53420,4,5000106,0
1,55,1001,13355,0,1000055,0
2,55,2001,13355,1,2000107,0
3,55,3001,13355,2,3000107,0
4,55,4001,13355,3,4000107,0
5,55,5001,13355,4,5000107,0
2,55,2001,13355,1,2000108,0
3,55,3001,26710,2,3000108,0
4,55,4001,40065,3,4000108,0
5,55,5001,53420,4,5000108,0
1,56,1001,13355,0,1000056,0
2,56,2001,13355,1,2000109,0
3,56,3001,13355,2,3000109,0
4,56,4001,13355,3,4000109,0
5,56,5001,13355,4,5000109,0
2,56,2001,13355,1,2000110,0
3,56,3001,26710,2,3000110,0
4,56,4001,40065,3,4000110,0
5,56,5001,53420,4,5000110,0
1,57,1001,13355,0,1000057,0
2,57,2001,13355,1,2000111,0
3,57,3001,13355,2,3000111,0
4,57,4001,13355,3,4000111,0
5,57,5001,13355,4,5000111,0
2,57,2001,13355,1,2000112,0
3,57,3001,26710,2,3000112,0
4,57,4001,40065,3,4000112,0
5,57,5001,53420,4,5000112,0
1,58,1001,13355,0,1000058,0
2,58,2001,13355,1,2000113,0
3,58,3001,13355,2,3000113,0
4,58,4001,13355,3,4000113,0
5,58,5001,13355,4,5000113,0
2,58,2001,13355,1,2000114,0
3,58,3001,26710,2,3000114,0
4,58,4001,40065,3,4000114,0
5,58,5001,53420,4,5000114,0
1,59,1001,13355,0,1000059,0
2,59,2001,13355,1,2000115,0
3,59,3001,13355,2,3000115,0
4,59,4001,13355,3,4000115,0
5,59,5001,13355,4,5000115,0
2,59,2001,13355,1,2000116,0
3,59,3001,26710,2,3000116,0
4,59,4001,40065,3,4000116,0
5,59,5001,53420,4,5000116,0
1,60,1001,14058,0,1000060,0
2,60,2001,14058,1,2000117,0
3,60,3001,14058,2,3000117,0
4,60,4001,14058,3,4000117,0
5,60,5001,14058,4,5000117,0
2,60,2001,14058,1,2000118,0
3,60,3001,28116,2,3000118,0
4,60,4001,42174,3,4000118,0
5,60,5001,56232,4,5000118,0
1,61,1001,14058,0,1000061,0
2,61,2001,14058,1,2000119,0
3,61,3001,14058,2,3000119,0
4,61,4001,14058,3,4000119,0
5,61,5001,14058,4,5000119,0
2,61,2001,14058,1,2000120,0
3,61,3001,28116,2,3000120,0
4,61,4001,42174,3,4000120,0
5,61,5001,56232,4,5000120,0
1,62,1001,14058,0,1000062,0
2,62,2001,14058,1,2000121,0
3,62,3001,14058,2,3000121,0
4,62,4001,14058,3,4000121,0
5,62,5001,14058,4,5000121,0
2,62,2001,14058,1,2000122,0
3,62,3001,28116,2,3000122,0
4,62,4001,42174,3,4000122,0
5,62,5001,56232,4,5000122,0
1,63,1001,14058,0,1000063,0
2,63,2001,14058,1,2000123,0
3,63,3001,14058,2,3000123,0
4,63,4001,14058,3,4000123,0
5,63,5001,14058,4,5000123,0
2,63,2001,14058,1,2000124,0
3,63,3001,28116,2,3000124,0
4,63,4001,42174,3,4000124,0
5,63,5001,56232,4,5000124,0
1,64,1001,14058,0,1000064,0
2,64,2001,14058,1,2000125,0
3,64,3001,14058,2,3000125,0
4,64,4001,14058,3,4000125,0
5,64,5001,14058,4,5000125,0
2,64,2001,14058,1,2000126,0
3,64,3001,28116,2,3000126,0
4,64,4001,42174,3,4000126,0
5,64,5001,56232,4,5000126,0
1,65,1001,14058,0,1000065,0
2,65,2001,14058,1,2000127,0
3,65,3001,14058,2,3000127,0
4,65,4001,14058,3,4000127,0
5,65,5001,14058,4,5000127,0
2,65,2001,14058,1,2000128,0
3,65,3001,28116,2,3000128,0
4,65,4001,42174,3,4000128,0
5,65,5001,56232,4,5000128,0
1,66,1001,14058,0,1000066,0
2,66,2001,14058,1,2000129,0
3,66,3001,14058,2,3000129,0
4,66,4001,14058,3,4000129,0
5,66,5001,14058,4,5000129,0
2,66,2001,14058,1,2000130,0
3,66,3001,28116,2,3000130,0
4,66,4001,42174,3,4000130,0
5,66,5001,56232,4,5000130,0
1,67,1001,14058,0,1000067,0
2,67,2001,14058,1,2000131,0
3,67,3001,14058,2,3000131,0
4,67,4001,14058,3,4000131,0
5,67,5001,14058,4,5000131,0
2,67,2001,14058,1,2000132,0
3,67,3001,28116,2,3000132,0
4,67,4001,42174,3,4000132,0
5,67,5001,56232,4,5000132,0
1,68,1001,14058,0,1000068,0
2,68,2001,14058,1,2000133,0
3,68,3001,14058,2,3000133,0
4,68,4001,14058,3,4000133,0
5,68,5001,14058,4,5000133,0
2,68,2001,14058,1,2000134,0
3,68,3001,28116,2,3000134,0
4,68,4001,42174,3,4000134,0
5,68,5001,56232,4,5000134,0
1,69,1001,14058,0,1000069,0
2,69,2001,14058,1,2000135,0
3,69,3001,14058,2,3000135,0
4,69,4001,14058,3,4000135,0
5,69,5001,14058,4,5000135,0
2,69,2001,14058,1,2000136,0
3,69,3001,28116,2,3000136,0
4,69,4001,42174,3,4000136,0
5,69,5001,56232,4,5000136,0
1,70,1001,12912,0,1000070,0
2,70,2001,12912,1,2000137,0
3,70,3001,12912,2,3000137,0
4,70,4001,12912,3,4000137,0
5,70,5001,12912,4,5000137,0
2,70,2001,12912,1,2000138,0
3,70,3001,25824,2,3000138,0
4,70,4001,38736,3,4000138,0
5,70,5001,51648,4,5000138,0
1,71,1001,12912,0,1000071,0
2,71,2001,12912,1,2000139,0
3,71,3001,12912,2,3000139,0
4,71,4001,12912,3,4000139,0
5,71,5001,12912,4,5000139,0
2,71,2001,12912,1,2000140,0
3,71,3001,25824,2,3000140,0
4,71,4001,38736,3,4000140,0
5,71,5001,51648,4,5000140,0
1,72,1001,12912,0,1000072,0
2,72,2001,12912,1,2000141,0
3,72,3001,12912,2,3000141,0
4,72,4001,12912,3,4000141,0
5,72,5001,12912,4,5000141,0
2,72,2001,12912,1,2000142,0
3,72,3001,25824,2,3000142,0
4,72,4001,38736,3,4000142,0
5,72,5001,51648,4,5000142,0
1,73,1001,12912,0,1000073,0
2,73,2001,12912,1,2000143,0
3,73,3001,12912,2,3000143,0
4,73,4001,12912,3,4000143,0
5,73,5001,12912,4,5000143,0
2,73,2001,12912,1,2000144,0
3,73,3001,25824,2,3000144,0
4,73,4001,38736,3,4000144,0
5,73,5001,51648,4,5000144,0
1,74,1001,12912,0,1000074,0
2,74,2001,12912,1,2000145,0
3,74,3001,12912,2,3000145,0
4,74,4001,12912,3,4000145,0
5,74,5001,12912,4,5000145,0
2,74,2001,12912,1,2000146,0
3,74,3001,25824,2,3000146,0
4,74,4001,38736,3,4000146,0
5,74,5001,51648,4,5000146,0
1,75,1001,12912,0,1000075,0
2,75,2001,12912,1,2000147,0
3,75,3001,12912,2,3000147,0
4,75,4001,12912,3,4000147,0
5,75,5001,12912,4,5000147,0
2,75,2001,12912,1,2000148,0
3,75,3001,25824,2,3000148,0
4,75,4001,38736,3,4000148,0
5,75,5001,51648,4,5000148,0
1,76,1001,12912,0,1000076,0
2,76,2001,12912,1,2000149,0
3,76,3001,12912,2,3000149,0
4,76,4001,12912,3,4000149,0
5,76,5001,12912,4,5000149,0
2,76,2001,12912,1,2000150,0
3,76,3001,25824,2,3000150,0
4,76,4001,38736,3,4000150,0
5,76,5001,51648,4,5000150,0
1,77,1001,12912,0,1000077,0
2,77,2001,12912,1,2000151,0
3,77,3001,12912,2,3000151,0
4,77,4001,12912,3,4000151,0
5,77,5001,12912,4,5000151,0
2,77,2001,12912,1,2000152,0
3,77,3001,25824,2,3000152,0
4,77,4001,38736,3,4000152,0
5,77,5001,51648,4,5000152,0
1,78,1001,12912,0,1000078,0
2,78,2001,12912,1,2000153,0
3,78,3001,12912,2,3000153,0
4,78,4001,12912,3,4000153,0
5,78,5001,12912,4,5000153,0
2,78,2001,12912,1,2000154,0
3,78,3001,25824,2,3000154,0
4,78,4001,38736,3,4000154,0
5,78,5001,51648,4,5000154,0
1,79,1001,12912,0,1000079,0
2,79,2001,12912,1,2000155,0
3,79,3001,12912,2,3000155,0
4,79,4001,12912,3,4000155,0
5,79,5001,12912,4,5000155,0
2,79,2001,12912,1,2000156,0
3,79,3001,25824,2,3000156,0
4,79,4001,38736,3,4000156,0
5,79,5001,51648,4,5000156,0
1,80,1001,14389,0,1000080,0
2,80,2001,14389,1,2000157,0
3,80,3001,14389,2,3000157,0
4,80,4001,14389,3,4000157,0
5,80,5001,14389,4,5000157,0
2,80,2001,14389,1,2000158,0
3,80,3001,28778,2,3000158,0
4,80,4001,43167,3,4000158,0
5,80,5001,57556,4,5000158,0
1,81,1001,14389,0,1000081,0
2,81,2001,14389,1,2000159,0
3,81,3001,14389,2,3000159,0
4,81,4001,14389,3,4000159,0
5,81,5001,14389,4,5000159,0
2,81,2001,14389,1,2000160,0
3,81,3001,28778,2,3000160,0
4,81,4001,43167,3,4000160,0
5,81,5001,57556,4,5000160,0
1,82,1001,14389,0,1000082,0
2,82,2001,14389,1,2000161,0
3,82,3001,14389,2,3000161,0
4,82,4001,14389,3,4000161,0
5,82,5001,14389,4,5000161,0
2,82,2001,14389,1,2000162,0
3,82,3001,28778,2,3000162,0
4,82,4001,43167,3,4000162,0
5,82,5001,57556,4,5000162,0
1,83,1001,14389,0,1000083,0
2,83,2001,14389,1,2000163,0
3,83,3001,14389,2,3000163,0
4,83,4001,14389,3,4000163,0
5,83,5001,14389,4,5000163,0
2,83,2001,14389,1,2000164,0
3,83,3001,28778,2,3000164,0
4,83,4001,43167,3,4000164,0
5,83,5001,57556,4,5000164,0
1,84,1001,14389,0,1000084,0
2,84,2001,14389,1,2000165,0
3,84,3001,14389,2,3000165,0
4,84,4001,14389,3,4000165,0
5,84,5001,14389,4,5000165,0
2,84,2001,14389,1,2000166,0
3,84,3001,28778,2,3000166,0
4,84,4001,43167,3,4000166,0
5,84,5001,57556,4,5000166,0
1,85,1001,14389,0,1000085,0
2,85,2001,14389,1,2000167,0
3,85,3001,14389,2,3000167,0
4,85,4001,14389,3,4000167,0
5,85,5001,14389,4,5000167,0
2,85,2001,14389,1,2000168,0
3,85,3001,28778,2,3000168,0
4,85,4001,43167,3,4000168,0
5,85,5001,57556,4,5000168,0
1,86,1001,14389,0,1000086,0
2,86,2001,14389,1,2000169,0
3,86,3001,14389,2,3000169,0
4,86,4001,14389,3,4000169,0
5,86,5001,14389,4,5000169,0
2,86,2001,14389,1,2000170,0
3,86,3001,28778,2,3000170,0
4,86,4001,43167,3,4000170,0
5,86,5001,57556,4,5000170,0
1,87,1001,14389,0,1000087,0
2,87,2001,14389,1,2000171,0
3,87,3001,14389,2,3000171,0
4,87,4001,14389,3,4000171,0
5,87,5001,14389,4,5000171,0
2,87,2001,14389,1,2000172,0
3,87,3001,28778,2,3000172,0
4,87,4001,43167,3,4000172,0
5,87,5001,57556,4,5000172,0
1,88,1001,14389,0,1000088,0
2,88,2001,14389,1,2000173,0
3,88,3001,14389,2,3000173,0
4,88,4001,14389,3,4000173,0
5,88,5001,14389,4,5000173,0
2,88,2001,14389,1,2000174,0
3,88,3001,28778,2,3000174,0
4,88,4001,43167,3,4000174,0
5,88,5001,57556,4,5000174,0
1,89,1001,14389,0,1000089,0
2,89,2001,14389,1,2000175,0
3,89,3001,14389,2,3000175,0
4,89,4001,14389,3,4000175,0
5,89,5001,14389,4,5000175,0
2,89,2001,14389,1,2000176,0
3,89,3001,28778,2,3000176,0
4,89,4001,43167,3,4000176,0
5,89,5001,57556,4,5000176,0
1,90,1001,13652,0,1000090,0
2,90,2001,13652,1,2000177,0
3,90,3001,13652,2,3000177,0
4,90,4001,13652,3,4000177,0
5,90,5001,13652,4,5000177,0
2,90,2001,13652,1,2000178,0
3,90,3001,27304,2,3000178,0
4,90,4001,40956,3,4000178,0
5,90,5001,54608,4,5000178,0
1,91,1001,13652,0,1000091,0
2,91,2001,13652,1,2000179,0
3,91,3001,13652,2,3000179,0
4,91,4001,13652,3,4000179,0
5,91,5001,13652,4,5000179,0
2,91,2001,13652,1,2000180,0
3,91,3001,27304,2,3000180,0
4,91,4001,40956,3,4000180,0
5,91,5001,54608,4,5000180,0
1,92,1001,13652,0,1000092,0
2,92,2001,13652,1,2000181,0
3,92,3001,13652,2,3000181,0
4,92,4001,13652,3,4000181,0
5,92,5001,13652,4,5000181,0
2,92,2001,13652,1,2000182,0
3,92,3001,27304,2,3000182,0
4,92,4001,40956,3,4000182,0
5,92,5001,54608,4,5000182,0
1,93,1001,13652,0,1000093,0
2,93,2001,13652,1,2000183,0
3,93,3001,13652,2,3000183,0
4,93,4001,13652,3,4000183,0
5,93,5001,13652,4,5000183,0
2,93,2001,13652,1,2000184,0
3,93,3001,27304,2,3000184,0
4,93,4001,40956,3,4000184,0
5,93,5001,54608,4,5000184,0
1,94,1001,13652,0,1000094,0
2,94,2001,13652,1,2000185,0
3,94,3001,13652,2,3000185,0
4,94,4001,13652,3,4000185,0
5,94,5001,13652,4,5000185,0
2,94,2001,13652,1,2000186,0
3,94,3001,27304,2,3000186,0
4,94,4001,40956,3,4000186,0
5,94,5001,54608,4,5000186,0
1,95,1001,13652,0,1000095,0
2,95,2001,13652,1,2000187,0
3,95,3001,13652,2,3000187,0
4,95,4001,13652,3,4000187,0
5,95,5001,13652,4,5000187,0
2,95,2001,13652,1,2000188,0
3,95,3001,27304,2,3000188,0
4,95,4001,40956,3,4000188,0
5,95,5001,54608,4,5000188,0
1,96,1001,13652,0,1000096,0
2,96,2001,13652,1,2000189,0
3,96,3001,13652,2,3000189,0
4,96,4001,13652,3,4000189,0
5,96,5001,13652,4,5000189,0
2,96,2001,13652,1,2000190,0
3,96,3001,27304,2,3000190,0
4,96,4001,40956,3,4000190,0
5,96,5001,54608,4,5000190,0
1,97,1001,13652,0,1000097,0
2,97,2001,13652,1,2000191,0
3,97,3001,13652,2,3000191,0
4,97,4001,13652,3,4000191,0
5,97,5001,13652,4,5000191,0
2,97,2001,13652,1,2000192,0
3,97,3001,27304,2,3000192,0
4,97,4001,40956,3,4000192,0
5,97,5001,54608,4,5000192,0
1,98,1001,13652,0,1000098,0
2,98,2001,13652,1,2000193,0
3,98,3001,13652,2,3000193,0
4,98,4001,13652,3,4000193,0
5,98,5001,13652,4,5000193,0
2,98,2001,13652,1,2000194,0
3,98,3001,27304,2,3000194,0
4,98,4001,40956,3,4000194,0
5,98,5001,54608,4,5000194,0
1,99,1001,13652,0,1000099,0
2,99,2001,13652,1,2000195,0
3,99,3001,13652,2,3000195,0
4,99,4001,13652,3,4000195,0
5,99,5001,13652,4,5000195,0
2,99,2001,13652,1,2000196,0
3,99,3001,27304,2,3000196,0
4,99,4001,40956,3,4000196,0
5,99,5001,54608,4,5000196,0
1,100,1001,16158,0,1000100,0
2,100,2001,16158,1,2000197,0
3,100,3001,16158,2,3000197,0
4,100,4001,16158,3,4000197,0
5,100,5001,16158,4,5000197,0
2,100,2001,16158,1,2000198,0
3,100,3001,32316,2,3000198,0
4,100,4001,48474,3,4000198,0
5,100,5001,64632,4,5000198,0
1,101,1001,16158,0,1000101,0
2,101,2001,16158,1,2000199,0
3,101,3001,16158,2,3000199,0
4,101,4001,16158,3,4000199,0
5,101,5001,16158,4,5000199,0
2,101,2001,16158,1,2000200,0
3,101,3001,32316,2,3000200,0
4,101,4001,48474,3,4000200,0
5,101,5001,64632,4,5000200,0
1,102,1001,16158,0,1000102,0
2,102,2001,16158,1,2000201,0
3,102,3001,16158,2,3000201,0
4,102,4001,16158,3,4000201,0
5,102,5001,16158,4,5000201,0
2,102,2001,16158,1,2000202,0
3,102,3001,32316,2,3000202,0
4,102,4001,48474,3,4000202,0
5,102,5001,64632,4,5000202,0
1,103,1001,16158,0,1000103,0
2,103,2001,16158,1,2000203,0
3,103,3001,16158,2,3000203,0
4,103,4001,16158,3,4000203,0
5,103,5001,16158,4,5000203,0
2,103,2001,16158,1,2000204,0
3,103,3001,32316,2,3000204,0
4,103,4001,48474,3,4000204,0
5,103,5001,64632,4,5000204,0
1,104,1001,16158,0,1000104,0
2,104,2001,16158,1,2000205,0
3,104,3001,16158,2,3000205,0
4,104,4001,16158,3,4000205,0
5,104,5001,16158,4,5000205,0
2,104,2001,16158,1,2000206,0
3,104,3001,32316,2,3000206,0
4,104,4001,48474,3,4000206,0
5,104,5001,64632,4,5000206,0
1,105,1001,16158,0,1000105,0
2,105,2001,16158,1,2000207,0
3,105,3001,16158,2,3000207,0
4,105,4001,16158,3,4000207,0
5,105,5001,16158,4,5000207,0
2,105,2001,16158,1,2000208,0
3,105,3001,32316,2,3000208,0
4,105,4001,48474,3,4000208,0
5,105,5001,64632,4,5000208,0
1,106,1001,16158,0,1000106,0
2,106,2001,16158,1,2000209,0
3,106,3001,16158,2,3000209,0
4,106,4001,16158,3,4000209,0
5,106,5001,16158,4,5000209,0
2,106,2001,16158,1,2000210,0
3,106,3001,32316,2,3000210,0
4,106,4001,48474,3,4000210,0
5,106,5001,64632,4,5000210,0
1,107,1001,16158,0,1000107,0
2,107,2001,16158,1,2000211,0
3,107,3001,16158,2,3000211,0
4,107,4001,16158,3,4000211,0
5,107,5001,16158,4,5000211,0
2,107,2001,16158,1,2000212,0
3,107,3001,32316,2,3000212,0
4,107,4001,48474,3,4000212,0
5,107,5001,64632,4,5000212,0
1,108,1001,16158,0,1000108,0
2,108,2001,16158,1,2000213,0
3,108,3001,16158,2,3000213,0
4,108,4001,16158,3,4000213,0
5,108,5001,16158,4,5000213,0
2,108,2001,16158,1,2000214,0
3,108,3001,32316,2,3000214,0
4,108,4001,48474,3,4000214,0
5,108,5001,64632,4,5000214,0
1,109,1001,16158,0,1000109,0
2,109,2001,16158,1,2000215,0
3,109,3001,16158,2,3000215,0
4,109,4001,16158,3,4000215,0
5,109,5001,16158,4,5000215,0
2,109,2001,16158,1,2000216,0
3,109,3001,32316,2,3000216,0
4,109,4001,48474,3,4000216,0
5,109,5001,64632,4,5000216,0
1,110,1001,10580,0,1000110,0
2,110,2001,10580,1,2000217,0
3,110,3001,10580,2,3000217,0
4,110,4001,10580,3,4000217,0
5,110,5001,10580,4,5000217,0
2,110,2001,10580,1,2000218,0
3,110,3001,21160,2,3000218,0
4,110,4001,31740,3,4000218,0
5,110,5001,42320,4,5000218,0
1,111,1001,10580,0,1000111,0
2,111,2001,10580,1,2000219,0
3,111,3001,10580,2,3000219,0
4,111,4001,10580,3,4000219,0
5,111,5001,10580,4,5000219,0
2,111,2001,10580,1,2000220,0
3,111,3001,21160,2,3000220,0
4,111,4001,31740,3,4000220,0
5,111,5001,42320,4,5000220,0
1,112,1001,10580,0,1000112,0
2,112,2001,10580,1,2000221,0
3,112,3001,10580,2,3000221,0
4,112,4001,10580,3,4000221,0
5,112,5001,10580,4,5000221,0
2,112,2001,10580,1,2000222,0
3,112,3001,21160,2,3000222,0
4,112,4001,31740,3,4000222,0
5,112,5001,42320,4,5000222,0
1,113,1001,10580,0,1000113,0
2,113,2001,10580,1,2000223,0
3,113,3001,10580,2,3000223,0
4,113,4001,10580,3,4000223,0
5,113,5001,10580,4,5000223,0
2,113,2001,10580,1,2000224,0
3,113,3001,21160,2,3000224,0
4,113,4001,31740,3,4000224,0
5,113,5001,42320,4,5000224,0
1,114,1001,10580,0,1000114,0
2,114,2001,10580,1,2000225,0
3,114,3001,10580,2,3000225,0
4,114,4001,10580,3,4000225,0
5,114,5001,10580,4,5000225,0
2,114,2001,10580,1,2000226,0
3,114,3001,21160,2,3000226,0
4,114,4001,31740,3,4000226,0
5,114,5001,42320,4,5000226,0
1,115,1001,10580,0,1000115,0
2,115,2001,10580,1,2000227,0
3,115,3001,10580,2,3000227,0
4,115,4001,10580,3,4000227,0
5,115,5001,10580,4,5000227,0
2,115,2001,10580,1,2000228,0
3,115,3001,21160,2,3000228,0
4,115,4001,31740,3,4000228,0
5,115,5001,42320,4,5000228,0
1,116,1001,10580,0,1000116,0
2,116,2001,10580,1,2000229,0
3,116,3001,10580,2,3000229,0
4,116,4001,10580,3,4000229,0
5,116,5001,10580,4,5000229,0
2,116,2001,10580,1,2000230,0
3,116,3001,21160,2,3000230,0
4,116,4001,31740,3,4000230,0
5,116,5001,42320,4,5000230,0
1,117,1001,10580,0,1000117,0
2,117,2001,10580,1,2000231,0
3,117,3001,10580,2,3000231,0
4,117,4001,10580,3,4000231,0
5,117,5001,10580,4,5000231,0
2,117,2001,10580,1,2000232,0
3,117,3001,21160,2,3000232,0
4,117,4001,31740,3,4000232,0
5,117,5001,42320,4,5000232,0
1,118,1001,10580,0,1000118,0
2,118,2001,10580,1,2000233,0
3,118,3001,10580,2,3000233,0
4,118,4001,10580,3,4000233,0
5,118,5001,10580,4,5000233,0
2,118,2001,10580,1,2000234,0
3,118,3001,21160,2,3000234,0
4,118,4001,31740,3,4000234,0
5,118,5001,42320,4,5000234,0
1,119,1001,10580,0,1000119,0
2,119,2001,10580,1,2000235,0
3,119,3001,10580,2,3000235,0
4,119,4001,10580,3,4000235,0
5,119,5001,10580,4,5000235,0
2,119,2001,10580,1,2000236,0
3,119,3001,21160,2,3000236,0
4,119,4001,31740,3,4000236,0
5,119,5001,42320,4,5000236,0
1,120,1001,11267,0,1000120,0
2,120,2001,11267,1,2000237,0
3,120,3001,11267,2,3000237,0
4,120,4001,11267,3,4000237,0
5,120,5001,11267,4,5000237,0
2,120,2001,11267,1,2000238,0
3,120,3001,22534,2,3000238,0
4,120,4001,33801,3,4000238,0
5,120,5001,45068,4,5000238,0
1,121,1001,11267,0,1000121,0
2,121,2001,11267,1,2000239,0
3,121,3001,11267,2,3000239,0
4,121,4001,11267,3,4000239,0
5,121,5001,11267,4,5000239,0
2,121,2001,11267,1,2000240,0
3,121,3001,22534,2,3000240,0
4,121,4001,33801,3,4000240,0
5,121,5001,45068,4,5000240,0
1,122,1001,11267,0,1000122,0
2,122,2001,11267,1,2000241,0
3,122,3001,11267,2,3000241,0
4,122,4001,11267,3,4000241,0
5,122,5001,11267,4,5000241,0
2,122,2001,11267,1,2000242,0
3,122,3001,22534,2,3000242,0
4,122,4001,33801,3,4000242,0
5,122,5001,45068,4,5000242,0
1,123,1001,11267,0,1000123,0
2,123,2001,11267,1,2000243,0
3,123,3001,11267,2,3000243,0
4,123,4001,11267,3,4000243,0
5,123,5001,11267,4,5000243,0
2,123,2001,11267,1,2000244,0
3,123,3001,22534,2,3000244,0
4,123,4001,33801,3,4000244,0
5,123,5001,45068,4,5000244,0
1,124,1001,11267,0,1000124,0
2,124,2001,11267,1,2000245,0
3,124,3001,11267,2,3000245,0
4,124,4001,11267,3,4000245,0
5,124,5001,11267,4,5000245,0
2,124,2001,11267,1,2000246,0
3,124,3001,22534,2,3000246,0
4,124,4001,33801,3,4000246,0
5,124,5001,45068,4,5000246,0
1,125,1001,11267,0,1000125,0
2,125,2001,11267,1,2000247,0
3,125,3001,11267,2,3000247,0
4,125,4001,11267,3,4000247,0
5,125,5001,11267,4,5000247,0
2,125,2001,11267,1,2000248,0
3,125,3001,22534,2,3000248,0
4,125,4001,33801,3,4000248,0
5,125,5001,45068,4,5000248,0
1,126,1001,11267,0,1000126,0
2,126,2001,11267,1,2000249,0
3,126,3001,11267,2,3000249,0
4,126,4001,11267,3,4000249,0
5,126,5001,11267,4,5000249,0
2,126,2001,11267,1,2000250,0
3,126,3001,22534,2,3000250,0
4,126,4001,33801,3,4000250,0
5,126,5001,45068,4,5000250,0
1,127,1001,11267,0,1000127,0
2,127,2001,11267,1,2000251,0
3,127,3001,11267,2,3000251,0
4,127,4001,11267,3,4000251,0
5,127,5001,11267,4,5000251,0
2,127,2001,11267,1,2000252,0
3,127,3001,22534,2,3000252,0
4,127,4001,33801,3,4000252,0
5,127,5001,45068,4,5000252,0
1,128,1001,11267,0,1000128,0
2,128,2001,11267,1,2000253,0
3,128,3001,11267,2,3000253,0
4,128,4001,11267,3,4000253,0
5,128,5001,11267,4,5000253,0
2,128,2001,11267,1,2000254,0
3,128,3001,22534,2,3000254,0
4,128,4001,33801,3,4000254,0
5,128,5001,45068,4,5000254,0
1,129,1001,11267,0,1000129,0
2,129,2001,11267,1,2000255,0
3,129,3001,11267,2,3000255,0
4,129,4001,11267,3,4000255,0
5,129,5001,11267,4,5000255,0
2,129,2001,11267,1,2000256,0
3,129,3001,22534,2,3000256,0
4,129,4001,33801,3,4000256,0
5,129,5001,45068,4,5000256,0
1,130,1001,13381,0,1000130,0
2,130,2001,13381,1,2000257,0
3,130,3001,13381,2,3000257,0
4,130,4001,13381,3,4000257,0
5,130,5001,13381,4,5000257,0
2,130,2001,13381,1,2000258,0
3,130,3001,26762,2,3000258,0
4,130,4001,40143,3,4000258,0
5,130,5001,53524,4,5000258,0
1,131,1001,13381,0,1000131,0
2,131,2001,13381,1,2000259,0
3,131,3001,13381,2,3000259,0
4,131,4001,13381,3,4000259,0
5,131,5001,13381,4,5000259,0
2,131,2001,13381,1,2000260,0
3,131,3001,26762,2,3000260,0
4,131,4001,40143,3,4000260,0
5,131,5001,53524,4,5000260,0
1,132,1001,13381,0,1000132,0
2,132,2001,13381,1,2000261,0
3,132,3001,13381,2,3000261,0
4,132,4001,13381,3,4000261,0
5,132,5001,13381,4,5000261,0
2,132,2001,13381,1,2000262,0
3,132,3001,26762,2,3000262,0
4,132,4001,40143,3,4000262,0
5,132,5001,53524,4,5000262,0
1,133,1001,13381,0,1000133,0
2,133,2001,13381,1,2000263,0
3,133,3001,13381,2,3000263,0
4,133,4001,13381,3,4000263,0
5,133,5001,13381,4,5000263,0
2,133,2001,13381,1,2000264,0
3,133,3001,26762,2,3000264,0
4,133,4001,40143,3,4000264,0
5,133,5001,53524,4,5000264,0
1,134,1001,13381,0,1000134,0
2,134,2001,13381,1,2000265,0
3,134,3001,13381,2,3000265,0
4,134,4001,13381,3,4000265,0
5,134,5001,13381,4,5000265,0
2,134,2001,13381,1,2000266,0
3,134,3001,26762,2,3000266,0
4,134,4001,40143,3,4000266,0
5,134,5001,53524,4,5000266,0
1,135,1001,13381,0,1000135,0
2,135,2001,13381,1,2000267,0
3,135,3001,13381,2,3000267,0
4,135,4001,13381,3,4000267,0
5,135,5001,13381,4,5000267,0
2,135,2001,13381,1,2000268,0
3,135,3001,26762,2,3000268,0
4,135,4001,40143,3,4000268,0
5,135,5001,53524,4,5000268,0
1,136,1001,13381,0,1000136,0
2,136,2001,13381,1,2000269,0
3,136,3001,13381,2,3000269,0
4,136,4001,13381,3,4000269,0
5,136,5001,13381,4,5000269,0
2,136,2001,13381,1,2000270,0
3,136,3001,26762,2,3000270,0
4,136,4001,40143,3,4000270,0
5,136,5001,53524,4,5000270,0
1,137,1001,13381,0,1000137,0
2,137,2001,13381,1,2000271,0
3,137,3001,13381,2,3000271,0
4,137,4001,13381,3,4000271,0
5,137,5001,13381,4,5000271,0
2,137,2001,13381,1,2000272,0
3,137,3001,26762,2,3000272,0
4,137,4001,40143,3,4000272,0
5,137,5001,53524,4,5000272,0
1,138,1001,13381,0,1000138,0
2,138,2001,13381,1,2000273,0
3,138,3001,13381,2,3000273,0
4,138,4001,13381,3,4000273,0
5,138,5001,13381,4,5000273,0
2,138,2001,13381,1,2000274,0
3,138,3001,26762,2,3000274,0
4,138,4001,40143,3,4000274,0
5,138,5001,53524,4,5000274,0
1,139,1001,13381,0,1000139,0
2,139,2001,13381,1,2000275,0
3,139,3001,13381,2,3000275,0
4,139,4001,13381,3,4000275,0
5,139,5001,13381,4,5000275,0
2,139,2001,13381,1,2000276,0
3,139,3001,26762,2,3000276,0
4,139,4001,40143,3,4000276,0
5,139,5001,53524,4,5000276,0
1,140,1001,12232,0,1000140,0
2,140,2001,12232,1,2000277,0
3,140,3001,12232,2,3000277,0
4,140,4001,12232,3,4000277,0
5,140,5001,12232,4,5000277,0
2,140,2001,12232,1,2000278,0
3,140,3001,24464,2,3000278,0
4,140,4001,36696,3,4000278,0
5,140,5001,48928,4,5000278,0
1,141,1001,12232,0,1000141,0
2,141,2001,12232,1,2000279,0
3,141,3001,12232,2,3000279,0
4,141,4001,12232,3,4000279,0
5,141,5001,12232,4,5000279,0
2,141,2001,12232,1,2000280,0
3,141,3001,24464,2,3000280,0
4,141,4001,36696,3,4000280,0
5,141,5001,48928,4,5000280,0
1,142,1001,12232,0,1000142,0
2,142,2001,12232,1,2000281,0
3,142,3001,12232,2,3000281,0
4,142,4001,12232,3,4000281,0
5,142,5001,12232,4,5000281,0
2,142,2001,12232,1,2000282,0
3,142,3001,24464,2,3000282,0
4,142,4001,36696,3,4000282,0
5,142,5001,48928,4,5000282,0
1,143,1001,12232,0,1000143,0
2,143,2001,12232,1,2000283,0
3,143,3001,12232,2,3000283,0
4,143,4001,12232,3,4000283,0
5,143,5001,12232,4,5000283,0
2,143,2001,12232,1,2000284,0
3,143,3001,24464,2,3000284,0
4,143,4001,36696,3,4000284,0
5,143,5001,48928,4,5000284,0
1,144,1001,12232,0,1000144,0
2,144,2001,12232,1,2000285,0
3,144,3001,12232,2,3000285,0
4,144,4001,12232,3,4000285,0
5,144,5001,12232,4,5000285,0
2,144,2001,12232,1,2000286,0
3,144,3001,24464,2,3000286,0
4,144,4001,36696,3,4000286,0
5,144,5001,48928,4,5000286,0
1,145,1001,12232,0,1000145,0
2,145,2001,12232,1,2000287,0
3,145,3001,12232,2,3000287,0
4,145,4001,12232,3,4000287,0
5,145,5001,12232,4,5000287,0
2,145,2001,12232,1,2000288,0
3,145,3001,24464,2,3000288,0
4,145,4001,36696,3,4000288,0
5,145,5001,48928,4,5000288,0
1,146,1001,12232,0,1000146,0
2,146,2001,12232,1,2000289,0
3,146,3001,12232,2,3000289,0
4,146,4001,12232,3,4000289,0
5,146,5001,12232,4,5000289,0
2,146,2001,12232,1,2000290,0
3,146,3001,24464,2,3000290,0
4,146,4001,36696,3,4000290,0
5,146,5001,48928,4,5000290,0
1,147,1001,12232,0,1000147,0
2,147,2001,12232,1,2000291,0
3,147,3001,12232,2,3000291,0
4,147,4001,12232,3,4000291,0
5,147,5001,12232,4,5000291,0
2,147,2001,12232,1,2000292,0
3,147,3001,24464,2,3000292,0
4,147,4001,36696,3,4000292,0
5,147,5001,48928,4,5000292,0
1,148,1001,12232,0,1000148,0
2,148,2001,12232,1,2000293,0
3,148,3001,12232,2,3000293,0
4,148,4001,12232,3,4000293,0
5,148,5001,12232,4,5000293,0
2,148,2001,12232,1,2000294,0
3,148,3001,24464,2,3000294,0
4,148,4001,36696,3,4000294,0
5,148,5001,48928,4,5000294,0
1,149,1001,12232,0,1000149,0
2,149,2001,12232,1,2000295,0
3,149,3001,12232,2,3000295,0
4,149,4001,12232,3,4000295,0
5,149,5001,12232,4,5000295,0
2,149,2001,12232,1,2000296,0
3,149,3001,24464,2,3000296,0
4,149,4001,36696,3,4000296,0
5,149,5001,48928,4,5000296,0
1,150,1001,13997,0,1000150,0
2,150,2001,13997,1,2000297,0
3,150,3001,13997,2,3000297,0
4,150,4001,13997,3,4000297,0
5,150,5001,13997,4,5000297,0
2,150,2001,13997,1,2000298,0
3,150,3001,27994,2,3000298,0
4,150,4001,41991,3,4000298,0
5,150,5001,55988,4,5000298,0
1,151,1001,13997,0,1000151,0
2,151,2001,13997,1,2000299,0
3,151,3001,13997,2,3000299,0
4,151,4001,13997,3,4000299,0
5,151,5001,13997,4,5000299,0
2,151,2001,13997,1,2000300,0
3,151,3001,27994,2,3000300,0
4,151,4001,41991,3,4000300,0
5,151,5001,55988,4,5000300,0
1,152,1001,13997,0,1000152,0
2,152,2001,13997,1,2000301,0
3,152,3001,13997,2,3000301,0
4,152,4001,13997,3,4000301,0
5,152,5001,13997,4,5000301,0
2,152,2001,13997,1,2000302,0
3,152,3001,27994,2,3000302,0
4,152,4001,41991,3,4000302,0
5,152,5001,55988,4,5000302,0
1,153,1001,13997,0,1000153,0
2,153,2001,13997,1,2000303,0
3,153,3001,13997,2,3000303,0
4,153,4001,13997,3,4000303,0
5,153,5001,13997,4,5000303,0
2,153,2001,13997,1,2000304,0
3,153,3001,27994,2,3000304,0
4,153,4001,41991,3,4000304,0
5,153,5001,55988,4,5000304,0
1,154,1001,13997,0,1000154,0
2,154,2001,13997,1,2000305,0
3,154,3001,13997,2,3000305,0
4,154,4001,13997,3,4000305,0
5,154,5001,13997,4,5000305,0
2,154,2001,13997,1,2000306,0
3,154,3001,27994,2,3000306,0
4,154,4001,41991,3,4000306,0
5,154,5001,55988,4,5000306,0
1,155,1001,13997,0,1000155,0
2,155,2001,13997,1,2000307,0
3,155,3001,13997,2,3000307,0
4,155,4001,13997,3,4000307,0
5,155,5001,13997,4,5000307,0
2,155,2001,13997,1,2000308,0
3,155,3001,27994,2,3000308,0
4,155,4001,41991,3,4000308,0
5,155,5001,55988,4,5000308,0
1,156,1001,13997,0,1000156,0
2,156,2001,13997,1,2000309,0
3,156,3001,13997,2,3000309,0
4,156,4001,13997,3,4000309,0
5,156,5001,13997,4,5000309,0
2,156,2001,13997,1,2000310,0
3,156,3001,27994,2,3000310,0
4,156,4001,41991,3,4000310,0
5,156,5001,55988,4,5000310,0
1,157,1001,13997,0,1000157,0
2,157,2001,13997,1,2000311,0
3,157,3001,13997,2,3000311,0
4,157,4001,13997,3,4000311,0
5,157,5001,13997,4,5000311,0
2,157,2001,13997,1,2000312,0
3,157,3001,27994,2,3000312,0
4,157,4001,41991,3,4000312,0
5,157,5001,55988,4,5000312,0
1,158,1001,13997,0,1000158,0
2,158,2001,13997,1,2000313,0
3,158,3001,13997,2,3000313,0
4,158,4001,13997,3,4000313,0
5,158,5001,13997,4,5000313,0
2,158,2001,13997,1,2000314,0
3,158,3001,27994,2,3000314,0
4,158,4001,41991,3,4000314,0
5,158,5001,55988,4,5000314,0
1,159,1001,13997,0,1000159,0
2,159,2001,13997,1,2000315,0
3,159,3001,13997,2,3000315,0
4,159,4001,13997,3,4000315,0
5,159,5001,13997,4,5000315,0
2,159,2001,13997,1,2000316,0
3,159,3001,27994,2,3000316,0
4,159,4001,41991,3,4000316,0
5,159,5001,55988,4,5000316,0
1,160,1001,16112,0,1000160,0
2,160,2001,16112,1,2000317,0
3,160,3001,16112,2,3000317,0
4,160,4001,16112,3,4000317,0
5,160,5001,16112,4,5000317,0
2,160,2001,16112,1,2000318,0
3,160,3001,32224,2,3000318,0
4,160,4001,48336,3,4000318,0
5,160,5001,64448,4,5000318,0
1,161,1001,16112,0,1000161,0
2,161,2001,16112,1,2000319,0
3,161,3001,16112,2,3000319,0
4,161,4001,16112,3,4000319,0
5,161,5001,16112,4,5000319,0
2,161,2001,16112,1,2000320,0
3,161,3001,32224,2,3000320,0
4,161,4001,48336,3,4000320,0
5,161,5001,64448,4,5000320,0
1,162,1001,16112,0,1000162,0
2,162,2001,16112,1,2000321,0
3,162,3001,16112,2,3000321,0
4,162,4001,16112,3,4000321,0
5,162,5001,16112,4,5000321,0
2,162,2001,16112,1,2000322,0
3,162,3001,32224,2,3000322,0
4,162,4001,48336,3,4000322,0
5,162,5001,64448,4,5000322,0
1,163,1001,16112,0,1000163,0
2,163,2001,16112,1,2000323,0
3,163,3001,16112,2,3000323,0
4,163,4001,16112,3,4000323,0
5,163,5001,16112,4,5000323,0
2,163,2001,16112,1,2000324,0
3,163,3001,32224,2,3000324,0
4,163,4001,48336,3,4000324,0
5,163,5001,64448,4,5000324,0
1,164,1001,16112,0,1000164,0
2,164,2001,16112,1,2000325,0
3,164,3001,16112,2,3000325,0
4,164,4001,16112,3,4000325,0
5,164,5001,16112,4,5000325,0
2,164,2001,16112,1,2000326,0
3,164,3001,32224,2,3000326,0
4,164,4001,48336,3,4000326,0
5,164,5001,64448,4,5000326,0
1,165,1001,16112,0,1000165,0
2,165,2001,16112,1,2000327,0
3,165,3001,16112,2,3000327,0
4,165,4001,16112,3,4000327,0
5,165,5001,16112,4,5000327,0
2,165,2001,16112,1,2000328,0
3,165,3001,32224,2,3000328,0
4,165,4001,48336,3,4000328,0
5,165,5001,64448,4,5000328,0
1,166,1001,16112,0,1000166,0
2,166,2001,16112,1,2000329,0
3,166,3001,16112,2,3000329,0
4,166,4001,16112,3,4000329,0
5,166,5001,16112,4,5000329,0
2,166,2001,16112,1,2000330,0
3,166,3001,32224,2,3000330,0
4,166,4001,48336,3,4000330,0
5,166,5001,64448,4,5000330,0
1,167,1001,16112,0,1000167,0
2,167,2001,16112,1,2000331,0
3,167,3001,16112,2,3000331,0
4,167,4001,16112,3,4000331,0
5,167,5001,16112,4,5000331,0
2,167,2001,16112,1,2000332,0
3,167,3001,32224,2,3000332,0
4,167,4001,48336,3,4000332,0
5,167,5001,64448,4,5000332,0
1,168,1001,16112,0,1000168,0
2,168,2001,16112,1,2000333,0
3,168,3001,16112,2,3000333,0
4,168,4001,16112,3,4000333,0
5,168,5001,16112,4,5000333,0
2,168,2001,16112,1,2000334,0
3,168,3001,32224,2,3000334,0
4,168,4001,48336,3,4000334,0
5,168,5001,64448,4,5000334,0
1,169,1001,16112,0,1000169,0
2,169,2001,16112,1,2000335,0
3,169,3001,16112,2,3000335,0
4,169,4001,16112,3,4000335,0
5,169,5001,16112,4,5000335,0
2,169,2001,16112,1,2000336,0
3,169,3001,32224,2,3000336,0
4,169,4001,48336,3,4000336,0
5,169,5001,64448,4,5000336,0
1,170,1001,15670,0,1000170,0
2,170,2001,15670,1,2000337,0
3,170,3001,15670,2,3000337,0
4,170,4001,15670,3,4000337,0
5,170,5001,15670,4,5000337,0
2,170,2001,15670,1,2000338,0
3,170,3001,31340,2,3000338,0
4,170,4001,47010,3,4000338,0
5,170,5001,62680,4,5000338,0
1,171,1001,15670,0,1000171,0
2,171,2001,15670,1,2000339,0
3,171,3001,15670,2,3000339,0
4,171,4001,15670,3,4000339,0
5,171,5001,15670,4,5000339,0
2,171,2001,15670,1,2000340,0
3,171,3001,31340,2,3000340,0
4,171,4001,47010,3,4000340,0
5,171,5001,62680,4,5000340,0
1,172,1001,15670,0,1000172,0
2,172,2001,15670,1,2000341,0
3,172,3001,15670,2,3000341,0
4,172,4001,15670,3,4000341,0
5,172,5001,15670,4,5000341,0
2,172,2001,15670,1,2000342,0
3,172,3001,31340,2,3000342,0
4,172,4001,47010,3,4000342,0
5,172,5001,62680,4,5000342,0
1,173,1001,15670,0,1000173,0
2,173,2001,15670,1,2000343,0
3,173,3001,15670,2,3000343,0
4,173,4001,15670,3,4000343,0
5,173,5001,15670,4,5000343,0
2,173,2001,15670,1,2000344,0
3,173,3001,31340,2,3000344,0
4,173,4001,47010,3,4000344,0
5,173,5001,62680,4,5000344,0
1,174,1001,15670,0,1000174,0
2,174,2001,15670,1,2000345,0
3,174,3001,15670,2,3000345,0
4,174,4001,15670,3,4000345,0
5,174,5001,15670,4,5000345,0
2,174,2001,15670,1,2000346,0
3,174,3001,31340,2,3000346,0
4,174,4001,47010,3,4000346,0
5,174,5001,62680,4,5000346,0
1,175,1001,15670,0,1000175,0
2,175,2001,15670,1,2000347,0
3,175,3001,15670,2,3000347,0
4,175,4001,15670,3,4000347,0
5,175,5001,15670,4,5000347,0
2,175,2001,15670,1,2000348,0
3,175,3001,31340,2,3000348,0
4,175,4001,47010,3,4000348,0
5,175,5001,62680,4,5000348,0
1,176,1001,15670,0,1000176,0
2,176,2001,15670,1,2000349,0
3,176,3001,15670,2,3000349,0
4,176,4001,15670,3,4000349,0
5,176,5001,15670,4,5000349,0
2,176,2001,15670,1,2000350,0
3,176,3001,31340,2,3000350,0
4,176,4001,47010,3,4000350,0
5,176,5001,62680,4,5000350,0
1,177,1001,15670,0,1000177,0
2,177,2001,15670,1,2000351,0
3,177,3001,15670,2,3000351,0
4,177,4001,15670,3,4000351,0
5,177,5001,15670,4,5000351,0
2,177,2001,15670,1,2000352,0
3,177,3001,31340,2,3000352,0
4,177,4001,47010,3,4000352,0
5,177,5001,62680,4,5000352,0
1,178,1001,15670,0,1000178,0
2,178,2001,15670,1,2000353,0
3,178,3001,15670,2,3000353,0
4,178,4001,15670,3,4000353,0
5,178,5001,15670,4,5000353,0
2,178,2001,15670,1,2000354,0
3,178,3001,31340,2,3000354,0
4,178,4001,47010,3,4000354,0
5,178,5001,62680,4,5000354,0
1,179,1001,15670,0,1000179,0
2,179,2001,15670,1,2000355,0
3,179,3001,15670,2,3000355,0
4,179,4001,15670,3,4000355,0
5,179,5001,15670,4,5000355,0
2,179,2001,15670,1,2000356,0
3,179,3001,31340,2,3000356,0
4,179,4001,47010,3,4000356,0
5,179,5001,62680,4,5000356,0
1,180,1001,15281,0,1000180,0
2,180,2001,15281,1,2000357,0
3,180,3001,15281,2,3000357,0
4,180,4001,15281,3,4000357,0
5,180,5001,15281,4,5000357,0
2,180,2001,15281,1,2000358,0
3,180,3001,30562,2,3000358,0
4,180,4001,45843,3,4000358,0
5,180,5001,61124,4,5000358,0
1,181,1001,15281,0,1000181,0
2,181,2001,15281,1,2000359,0
3,181,3001,15281,2,3000359,0
4,181,4001,15281,3,4000359,0
5,181,5001,15281,4,5000359,0
2,181,2001,15281,1,2000360,0
3,181,3001,30562,2,3000360,0
4,181,4001,45843,3,4000360,0
5,181,5001,61124,4,5000360,0
1,182,1001,15281,0,1000182,0
2,182,2001,15281,1,2000361,0
3,182,3001,15281,2,3000361,0
4,182,4001,15281,3,4000361,0
5,182,5001,15281,4,5000361,0
2,182,2001,15281,1,2000362,0
3,182,3001,30562,2,3000362,0
4,182,4001,45843,3,4000362,0
5,182,5001,61124,4,5000362,0
1,183,1001,15281,0,1000183,0
2,183,2001,15281,1,2000363,0
3,183,3001,15281,2,3000363,0
4,183,4001,15281,3,4000363,0
5,183,5001,15281,4,5000363,0
2,183,2001,15281,1,2000364,0
3,183,3001,30562,2,3000364,0
4,183,4001,45843,3,4000364,0
5,183,5001,61124,4,5000364,0
1,184,1001,15281,0,1000184,0
2,184,2001,15281,1,2000365,0
3,184,3001,15281,2,3000365,0
4,184,4001,15281,3,4000365,0
5,184,5001,15281,4,5000365,0
2,184,2001,15281,1,2000366,0
3,184,3001,30562,2,3000366,0
4,184,4001,45843,3,4000366,0
5,184,5001,61124,4,5000366,0
1,185,1001,15281,0,1000185,0
2,185,2001,15281,1,2000367,0
3,185,3001,15281,2,3000367,0
4,185,4001,15281,3,4000367,0
5,185,5001,15281,4,5000367,0
2,185,2001,15281,1,2000368,0
3,185,3001,30562,2,3000368,0
4,185,4001,45843,3,4000368,0
5,185,5001,61124,4,5000368,0
1,186,1001,15281,0,1000186,0
2,186,2001,15281,1,2000369,0
3,186,3001,15281,2,3000369,0
4,186,4001,15281,3,4000369,0
5,186,5001,15281,4,5000369,0
2,186,2001,15281,1,2000370,0
3,186,3001,30562,2,3000370,0
4,186,4001,45843,3,4000370,0
5,186,5001,61124,4,5000370,0
1,187,1001,15281,0,1000187,0
2,187,2001,15281,1,2000371,0
3,187,3001,15281,2,3000371,0
4,187,4001,15281,3,4000371,0
5,187,5001,15281,4,5000371,0
2,187,2001,15281,1,2000372,0
3,187,3001,30562,2,3000372,0
4,187,4001,45843,3,4000372,0
5,187,5001,61124,4,5000372,0
1,188,1001,15281,0,1000188,0
2,188,2001,15281,1,2000373,0
3,188,3001,15281,2,3000373,0
4,188,4001,15281,3,4000373,0
5,188,5001,15281,4,5000373,0
2,188,2001,15281,1,2000374,0
3,188,3001,30562,2,3000374,0
4,188,4001,45843,3,4000374,0
5,188,5001,61124,4,5000374,0
1,189,1001,15281,0,1000189,0
2,189,2001,15281,1,2000375,0
3,189,3001,15281,2,3000375,0
4,189,4001,15281,3,4000375,0
5,189,5001,15281,4,5000375,0
2,189,2001,15281,1,2000376,0
3,189,3001,30562,2,3000376,0
4,189,4001,45843,3,4000376,0
5,189,5001,61124,4,5000376,0
1,190,1001,15506,0,1000190,0
2,190,2001,15506,1,2000377,0
3,190,3001,15506,2,3000377,0
4,190,4001,15506,3,4000377,0
5,190,5001,15506,4,5000377,0
2,190,2001,15506,1,2000378,0
3,190,3001,31012,2,3000378,0
4,190,4001,46518,3,4000378,0
5,190,5001,62024,4,5000378,0
1,191,1001,15506,0,1000191,0
2,191,2001,15506,1,2000379,0
3,191,3001,15506,2,3000379,0
4,191,4001,15506,3,4000379,0
5,191,5001,15506,4,5000379,0
2,191,2001,15506,1,2000380,0
3,191,3001,31012,2,3000380,0
4,191,4001,46518,3,4000380,0
5,191,5001,62024,4,5000380,0
1,192,1001,15506,0,1000192,0
2,192,2001,15506,1,2000381,0
3,192,3001,15506,2,3000381,0
4,192,4001,15506,3,4000381,0
5,192,5001,15506,4,5000381,0
2,192,2001,15506,1,2000382,0
3,192,3001,31012,2,3000382,0
4,192,4001,46518,3,4000382,0
5,192,5001,62024,4,5000382,0
1,193,1001,15506,0,1000193,0
2,193,2001,15506,1,2000383,0
3,193,3001,15506,2,3000383,0
4,193,4001,15506,3,4000383,0
5,193,5001,15506,4,5000383,0
2,193,2001,15506,1,2000384,0
3,193,3001,31012,2,3000384,0
4,193,4001,46518,3,4000384,0
5,193,5001,62024,4,5000384,0
1,194,1001,15506,0,1000194,0
2,194,2001,15506,1,2000385,0
3,194,3001,15506,2,3000385,0
4,194,4001,15506,3,4000385,0
5,194,5001,15506,4,5000385,0
2,194,2001,15506,1,2000386,0
3,194,3001,31012,2,3000386,0
4,194,4001,46518,3,4000386,0
5,194,5001,62024,4,5000386,0
1,195,1001,15506,0,1000195,0
2,195,2001,15506,1,2000387,0
3,195,3001,15506,2,3000387,0
4,195,4001,15506,3,4000387,0
5,195,5001,15506,4,5000387,0
2,195,2001,15506,1,2000388,0
3,195,3001,31012,2,3000388,0
4,195,4001,46518,3,4000388,0
5,195,5001,62024,4,5000388,0
1,196,1001,15506,0,1000196,0
2,196,2001,15506,1,2000389,0
3,196,3001,15506,2,3000389,0
4,196,4001,15506,3,4000389,0
5,196,5001,15506,4,5000389,0
2,196,2001,15506,1,2000390,0
3,196,3001,31012,2,3000390,0
4,196,4001,46518,3,4000390,0
5,196,5001,62024,4,5000390,0
1,197,1001,15506,0,1000197,0
2,197,2001,15506,1,2000391,0
3,197,3001,15506,2,3000391,0
4,197,4001,15506,3,4000391,0
5,197,5001,15506,4,5000391,0
2,197,2001,15506,1,2000392,0
3,197,3001,31012,2,3000392,0
4,197,4001,46518,3,4000392,0
5,197,5001,62024,4,5000392,0
1,198,1001,15506,0,1000198,0
2,198,2001,15506,1,2000393,0
3,198,3001,15506,2,3000393,0
4,198,4001,15506,3,4000393,0
5,198,5001,15506,4,5000393,0
2,198,2001,15506,1,2000394,0
3,198,3001,31012,2,3000394,0
4,198,4001,46518,3,4000394,0
5,198,5001,62024,4,5000394,0
1,199,1001,15506,0,1000199,0
2,199,2001,15506,1,2000395,0
3,199,3001,15506,2,3000395,0
4,199,4001,15506,3,4000395,0
5,199,5001,15506,4,5000395,0
2,199,2001,15506,1,2000396,0
3,199,3001,31012,2,3000396,0
4,199,4001,46518,3,4000396,0
5,199,5001,62024,4,5000396,0
1,200,1001,16188,0,1000200,0
2,200,2001,16188,1,2000397,0
3,200,3001,16188,2,3000397,0
4,200,4001,16188,3,4000397,0
5,200,5001,16188,4,5000397,0
2,200,2001,16188,1,2000398,0
3,200,3001,32376,2,3000398,0
4,200,4001,48564,3,4000398,0
5,200,5001,64752,4,5000398,0
1,201,1001,16188,0,1000201,0
2,201,2001,16188,1,2000399,0
3,201,3001,16188,2,3000399,0
4,201,4001,16188,3,4000399,0
5,201,5001,16188,4,5000399,0
2,201,2001,16188,1,2000400,0
3,201,3001,32376,2,3000400,0
4,201,4001,48564,3,4000400,0
5,201,5001,64752,4,5000400,0
1,202,1001,16188,0,1000202,0
2,202,2001,16188,1,2000401,0
3,202,3001,16188,2,3000401,0
4,202,4001,16188,3,4000401,0
5,202,5001,16188,4,5000401,0
2,202,2001,16188,1,2000402,0
3,202,3001,32376,2,3000402,0
4,202,4001,48564,3,4000402,0
5,202,5001,64752,4,5000402,0
1,203,1001,16188,0,1000203,0
2,203,2001,16188,1,2000403,0
3,203,3001,16188,2,3000403,0
4,203,4001,16188,3,4000403,0
5,203,5001,16188,4,5000403,0
2,203,2001,16188,1,2000404,0
3,203,3001,32376,2,3000404,0
4,203,4001,48564,3,4000404,0
5,203,5001,64752,4,5000404,0
1,204,1001,16188,0,1000204,0
2,204,2001,16188,1,2000405,0
3,204,3001,16188,2,3000405,0
4,204,4001,16188,3,4000405,0
5,204,5001,16188,4,5000405,0
2,204,2001,16188,1,2000406,0
3,204,3001,32376,2,3000406,0
4,204,4001,48564,3,4000406,0
5,204,5001,64752,4,5000406,0
1,205,1001,16188,0,1000205,0
2,205,2001,16188,1,2000407,0
3,205,3001,16188,2,3000407,0
4,205,4001,16188,3,4000407,0
5,205,5001,16188,4,5000407,0
2,205,2001,16188,1,2000408,0
3,205,3001,32376,2,3000408,0
4,205,4001,48564,3,4000408,0
5,205,5001,64752,4,5000408,0
1,206,1001,16188,0,1000206,0
2,206,2001,16188,1,2000409,0
3,206,3001,16188,2,3000409,0
4,206,4001,16188,3,4000409,0
5,206,5001,16188,4,5000409,0
2,206,2001,16188,1,2000410,0
3,206,3001,32376,2,3000410,0
4,206,4001,48564,3,4000410,0
5,206,5001,64752,4,5000410,0
1,207,1001,16188,0,1000207,0
2,207,2001,16188,1,2000411,0
3,207,3001,16188,2,3000411,0
4,207,4001,16188,3,4000411,0
5,207,5001,16188,4,5000411,0
2,207,2001,16188,1,2000412,0
3,207,3001,32376,2,3000412,0
4,207,4001,48564,3,4000412,0
5,207,5001,64752,4,5000412,0
1,208,1001,16188,0,1000208,0
2,208,2001,16188,1,2000413,0
3,208,3001,16188,2,3000413,0
4,208,4001,16188,3,4000413,0
5,208,5001,16188,4,5000413,0
2,208,2001,16188,1,2000414,0
3,208,3001,32376,2,3000414,0
4,208,4001,48564,3,4000414,0
5,208,5001,64752,4,5000414,0
1,209,1001,16188,0,1000209,0
2,209,2001,16188,1,2000415,0
3,209,3001,16188,2,3000415,0
4,209,4001,16188,3,4000415,0
5,209,5001,16188,4,5000415,0
2,209,2001,16188,1,2000416,0
3,209,3001,32376,2,3000416,0
4,209,4001,48564,3,4000416,0
5,209,5001,64752,4,5000416,0
1,210,1001,14946,0,1000210,0
2,210,2001,14946,1,2000417,0
3,210,3001,14946,2,3000417,0
4,210,4001,14946,3,4000417,0
5,210,5001,14946,4,5000417,0
2,210,2001,14946,1,2000418,0
3,210,3001,29892,2,3000418,0
4,210,4001,44838,3,4000418,0
5,210,5001,59784,4,5000418,0
1,211,1001,14946,0,1000211,0
2,211,2001,14946,1,2000419,0
3,211,3001,14946,2,3000419,0
4,211,4001,14946,3,4000419,0
5,211,5001,14946,4,5000419,0
2,211,2001,14946,1,2000420,0
3,211,3001,29892,2,3000420,0
4,211,4001,44838,3,4000420,0
5,211,5001,59784,4,5000420,0
1,212,1001,14946,0,1000212,0
2,212,2001,14946,1,2000421,0
3,212,3001,14946,2,3000421,0
4,212,4001,14946,3,4000421,0
5,212,5001,14946,4,5000421,0
2,212,2001,14946,1,2000422,0
3,212,3001,29892,2,3000422,0
4,212,4001,44838,3,4000422,0
5,212,5001,59784,4,5000422,0
1,213,1001,14946,0,1000213,0
2,213,2001,14946,1,2000423,0
3,213,3001,14946,2,3000423,0
4,213,4001,14946,3,4000423,0
5,213,5001,14946,4,5000423,0
2,213,2001,14946,1,2000424,0
3,213,3001,29892,2,3000424,0
4,213,4001,44838,3,4000424,0
5,213,5001,59784,4,5000424,0
1,214,1001,14946,0,1000214,0
2,214,2001,14946,1,2000425,0
3,214,3001,14946,2,3000425,0
4,214,4001,14946,3,4000425,0
5,214,5001,14946,4,5000425,0
2,214,2001,14946,1,2000426,0
3,214,3001,29892,2,3000426,0
4,214,4001,44838,3,4000426,0
5,214,5001,59784,4,5000426,0
1,215,1001,14946,0,1000215,0
2,215,2001,14946,1,2000427,0
3,215,3001,14946,2,3000427,0
4,215,4001,14946,3,4000427,0
5,215,5001,14946,4,5000427,0
2,215,2001,14946,1,2000428,0
3,215,3001,29892,2,3000428,0
4,215,4001,44838,3,4000428,0
5,215,5001,59784,4,5000428,0
1,216,1001,14946,0,1000216,0
2,216,2001,14946,1,2000429,0
3,216,3001,14946,2,3000429,0
4,216,4001,14946,3,4000429,0
5,216,5001,14946,4,5000429,0
2,216,2001,14946,1,2000430,0
3,216,3001,29892,2,3000430,0
4,216,4001,44838,3,4000430,0
5,216,5001,59784,4,5000430,0
1,217,1001,14946,0,1000217,0
2,217,2001,14946,1,2000431,0
3,217,3001,14946,2,3000431,0
4,217,4001,14946,3,4000431,0
5,217,5001,14946,4,5000431,0
2,217,2001,14946,1,2000432,0
3,217,3001,29892,2,3000432,0
4,217,4001,44838,3,4000432,0
5,217,5001,59784,4,5000432,0
1,218,1001,14946,0,1000218,0
2,218,2001,14946,1,2000433,0
3,218,3001,14946,2,3000433,0
4,218,4001,14946,3,4000433,0
5,218,5001,14946,4,5000433,0
2,218,2001,14946,1,2000434,0
3,218,3001,29892,2,3000434,0
4,218,4001,44838,3,4000434,0
5,218,5001,59784,4,5000434,0
1,219,1001,14946,0,1000219,0
2,219,2001,14946,1,2000435,0
3,219,3001,14946,2,3000435,0
4,219,4001,14946,3,4000435,0
5,219,5001,14946,4,5000435,0
2,219,2001,14946,1,2000436,0
3,219,3001,29892,2,3000436,0
4,219,4001,44838,3,4000436,0
5,219,5001,59784,4,5000436,0
1,220,1001,16335,0,1000220,0
2,220,2001,16335,1,2000437,0
3,220,3001,16335,2,3000437,0
4,220,4001,16335,3,4000437,0
5,220,5001,16335,4,5000437,0
2,220,2001,16335,1,2000438,0
3,220,3001,32670,2,3000438,0
4,220,4001,49005,3,4000438,0
5,220,5001,65340,4,5000438,0
1,221,1001,16335,0,1000221,0
2,221,2001,16335,1,2000439,0
3,221,3001,16335,2,3000439,0
4,221,4001,16335,3,4000439,0
5,221,5001,16335,4,5000439,0
2,221,2001,16335,1,2000440,0
3,221,3001,32670,2,3000440,0
4,221,4001,49005,3,4000440,0
5,221,5001,65340,4,5000440,0
1,222,1001,16335,0,1000222,0
2,222,2001,16335,1,2000441,0
3,222,3001,16335,2,3000441,0
4,222,4001,16335,3,4000441,0
5,222,5001,16335,4,5000441,0
2,222,2001,16335,1,2000442,0
3,222,3001,32670,2,3000442,0
4,222,4001,49005,3,4000442,0
5,222,5001,65340,4,5000442,0
1,223,1001,16335,0,1000223,0
2,223,2001,16335,1,2000443,0
3,223,3001,16335,2,3000443,0
4,223,4001,16335,3,4000443,0
5,223,5001,16335,4,5000443,0
2,223,2001,16335,1,2000444,0
3,223,3001,32670,2,3000444,0
4,223,4001,49005,3,4000444,0
5,223,5001,65340,4,5000444,0
1,224,1001,16335,0,1000224,0
2,224,2001,16335,1,2000445,0
3,224,3001,16335,2,3000445,0
4,224,4001,16335,3,4000445,0
5,224,5001,16335,4,5000445,0
2,224,2001,16335,1,2000446,0
3,224,3001,32670,2,3000446,0
4,224,4001,49005,3,4000446,0
5,224,5001,65340,4,5000446,0
1,225,1001,16335,0,1000225,0
2,225,2001,16335,1,2000447,0
3,225,3001,16335,2,3000447,0
4,225,4001,16335,3,4000447,0
5,225,5001,16335,4,5000447,0
2,225,2001,16335,1,2000448,0
3,225,3001,32670,2,3000448,0
4,225,4001,49005,3,4000448,0
5,225,5001,65340,4,5000448,0
1,226,1001,16335,0,1000226,0
2,226,2001,16335,1,2000449,0
3,226,3001,16335,2,3000449,0
4,226,4001,16335,3,4000449,0
5,226,5001,16335,4,5000449,0
2,226,2001,16335,1,2000450,0
3,226,3001,32670,2,3000450,0
4,226,4001,49005,3,4000450,0
5,226,5001,65340,4,5000450,0
1,227,1001,16335,0,1000227,0
2,227,2001,16335,1,2000451,0
3,227,3001,16335,2,3000451,0
4,227,4001,16335,3,4000451,0
5,227,5001,16335,4,5000451,0
2,227,2001,16335,1,2000452,0
3,227,3001,32670,2,3000452,0
4,227,4001,49005,3,4000452,0
5,227,5001,65340,4,5000452,0
1,228,1001,16335,0,1000228,0
2,228,2001,16335,1,2000453,0
3,228,3001,16335,2,3000453,0
4,228,4001,16335,3,4000453,0
5,228,5001,16335,4,5000453,0
2,228,2001,16335,1,2000454,0
3,228,3001,32670,2,3000454,0
4,228,4001,49005,3,4000454,0
5,228,5001,65340,4,5000454,0
1,229,1001,16335,0,1000229,0
2,229,2001,16335,1,2000455,0
3,229,3001,16335,2,3000455,0
4,229,4001,16335,3,4000455,0
5,229,5001,16335,4,5000455,0
2,229,2001,16335,1,2000456,0
3,229,3001,32670,2,3000456,0
4,229,4001,49005,3,4000456,0
5,229,5001,65340,4,5000456,0
1,230,1001,11358,0,1000230,0
2,230,2001,11358,1,2000457,0
3,230,3001,11358,2,3000457,0
4,230,4001,11358,3,4000457,0
5,230,5001,11358,4,5000457,0
2,230,2001,11358,1,2000458,0
3,230,3001,22716,2,3000458,0
4,230,4001,34074,3,4000458,0
5,230,5001,45432,4,5000458,0
1,231,1001,11358,0,1000231,0
2,231,2001,11358,1,2000459,0
3,231,3001,11358,2,3000459,0
4,231,4001,11358,3,4000459,0
5,231,5001,11358,4,5000459,0
2,231,2001,11358,1,2000460,0
3,231,3001,22716,2,3000460,0
4,231,4001,34074,3,4000460,0
5,231,5001,45432,4,5000460,0
1,232,1001,11358,0,1000232,0
2,232,2001,11358,1,2000461,0
3,232,3001,11358,2,3000461,0
4,232,4001,11358,3,4000461,0
5,232,5001,11358,4,5000461,0
2,232,2001,11358,1,2000462,0
3,232,3001,22716,2,3000462,0
4,232,4001,34074,3,4000462,0
5,232,5001,45432,4,5000462,0
1,233,1001,11358,0,1000233,0
2,233,2001,11358,1,2000463,0
3,233,3001,11358,2,3000463,0
4,233,4001,11358,3,4000463,0
5,233,5001,11358,4,5000463,0
2,233,2001,11358,1,2000464,0
3,233,3001,22716,2,3000464,0
4,233,4001,34074,3,4000464,0
5,233,5001,45432,4,5000464,0
1,234,1001,11358,0,1000234,0
2,234,2001,11358,1,2000465,0
3,234,3001,11358,2,3000465,0
4,234,4001,11358,3,4000465,0
5,234,5001,11358,4,5000465,0
2,234,2001,11358,1,2000466,0
3,234,3001,22716,2,3000466,0
4,234,4001,34074,3,4000466,0
5,234,5001,45432,4,5000466,0
1,235,1001,11358,0,1000235,0
2,235,2001,11358,1,2000467,0
3,235,3001,11358,2,3000467,0
4,235,4001,11358,3,4000467,0
5,235,5001,11358,4,5000467,0
2,235,2001,11358,1,2000468,0
3,235,3001,22716,2,3000468,0
4,235,4001,34074,3,4000468,0
5,235,5001,45432,4,5000468,0
1,236,1001,11358,0,1000236,0
2,236,2001,11358,1,2000469,0
3,236,3001,11358,2,3000469,0
4,236,4001,11358,3,4000469,0
5,236,5001,11358,4,5000469,0
2,236,2001,11358,1,2000470,0
3,236,3001,22716,2,3000470,0
4,236,4001,34074,3,4000470,0
5,236,5001,45432,4,5000470,0
1,237,1001,11358,0,1000237,0
2,237,2001,11358,1,2000471,0
3,237,3001,11358,2,3000471,0
4,237,4001,11358,3,4000471,0
5,237,5001,11358,4,5000471,0
2,237,2001,11358,1,2000472,0
3,237,3001,22716,2,3000472,0
4,237,4001,34074,3,4000472,0
5,237,5001,45432,4,5000472,0
1,238,1001,11358,0,1000238,0
2,238,2001,11358,1,2000473,0
3,238,3001,11358,2,3000473,0
4,238,4001,11358,3,4000473,0
5,238,5001,11358,4,5000473,0
2,238,2001,11358,1,2000474,0
3,238,3001,22716,2,3000474,0
4,238,4001,34074,3,4000474,0
5,238,5001,45432,4,5000474,0
1,239,1001,11358,0,1000239,0
2,239,2001,11358,1,2000475,0
3,239,3001,11358,2,3000475,0
4,239,4001,11358,3,4000475,0
5,239,5001,11358,4,5000475,0
2,239,2001,11358,1,2000476,0
3,239,3001,22716,2,3000476,0
4,239,4001,34074,3,4000476,0
5,239,5001,45432,4,5000476,0
1,240,1001,12369,0,1000240,0
2,240,2001,12369,1,2000477,0
3,240,3001,12369,2,3000477,0
4,240,4001,12369,3,4000477,0
5,240,5001,12369,4,5000477,0
2,240,2001,12369,1,2000478,0
3,240,3001,24738,2,3000478,0
4,240,4001,37107,3,4000478,0
5,240,5001,49476,4,5000478,0
1,241,1001,12369,0,1000241,0
2,241,2001,12369,1,2000479,0
3,241,3001,12369,2,3000479,0
4,241,4001,12369,3,4000479,0
5,241,5001,12369,4,5000479,0
2,241,2001,12369,1,2000480,0
3,241,3001,24738,2,3000480,0
4,241,4001,37107,3,4000480,0
5,241,5001,49476,4,5000480,0
1,242,1001,12369,0,1000242,0
2,242,2001,12369,1,2000481,0
3,242,3001,12369,2,3000481,0
4,242,4001,12369,3,4000481,0
5,242,5001,12369,4,5000481,0
2,242,2001,12369,1,2000482,0
3,242,3001,24738,2,3000482,0
4,242,4001,37107,3,4000482,0
5,242,5001,49476,4,5000482,0
1,243,1001,12369,0,1000243,0
2,243,2001,12369,1,2000483,0
3,243,3001,12369,2,3000483,0
4,243,4001,12369,3,4000483,0
5,243,5001,12369,4,5000483,0
2,243,2001,12369,1,2000484,0
3,243,3001,24738,2,3000484,0
4,243,4001,37107,3,4000484,0
5,243,5001,49476,4,5000484,0
1,244,1001,12369,0,1000244,0
2,244,2001,12369,1,2000485,0
3,244,3001,12369,2,3000485,0
4,244,4001,12369,3,4000485,0
5,244,5001,12369,4,5000485,0
2,244,2001,12369,1,2000486,0
3,244,3001,24738,2,3000486,0
4,244,4001,37107,3,4000486,0
5,244,5001,49476,4,5000486,0
1,245,1001,12369,0,1000245,0
2,245,2001,12369,1,2000487,0
3,245,3001,12369,2,3000487,0
4,245,4001,12369,3,4000487,0
5,245,5001,12369,4,5000487,0
2,245,2001,12369,1,2000488,0
3,245,3001,24738,2,3000488,0
4,245,4001,37107,3,4000488,0
5,245,5001,49476,4,5000488,0
1,246,1001,12369,0,1000246,0
2,246,2001,12369,1,2000489,0
3,246,3001,12369,2,3000489,0
4,246,4001,12369,3,4000489,0
5,246,5001,12369,4,5000489,0
2,246,2001,12369,1,2000490,0
3,246,3001,24738,2,3000490,0
4,246,4001,37107,3,4000490,0
5,246,5001,49476,4,5000490,0
1,247,1001,12369,0,1000247,0
2,247,2001,12369,1,2000491,0
3,247,3001,12369,2,3000491,0
4,247,4001,12369,3,4000491,0
5,247,5001,12369,4,5000491,0
2,247,2001,12369,1,2000492,0
3,247,3001,24738,2,3000492,0
4,247,4001,37107,3,4000492,0
5,247,5001,49476,4,5000492,0
1,248,1001,12369,0,1000248,0
2,248,2001,12369,1,2000493,0
3,248,3001,12369,2,3000493,0
4,248,4001,12369,3,4000493,0
5,248,5001,12369,4,5000493,0
2,248,2001,12369,1,2000494,0
3,248,3001,24738,2,3000494,0
4,248,4001,37107,3,4000494,0
5,248,5001,49476,4,5000494,0
1,249,1001,12369,0,1000249,0
2,249,2001,12369,1,2000495,0
3,249,3001,12369,2,3000495,0
4,249,4001,12369,3,4000495,0
5,249,5001,12369,4,5000495,0
2,249,2001,12369,1,2000496,0
3,249,3001,24738,2,3000496,0
4,249,4001,37107,3,4000496,0
5,249,5001,49476,4,5000496,0
1,250,1001,15333,0,1000250,0
2,250,2001,15333,1,2000497,0
3,250,3001,15333,2,3000497,0
4,250,4001,15333,3,4000497,0
5,250,5001,15333,4,5000497,0
2,250,2001,15333,1,2000498,0
3,250,3001,30666,2,3000498,0
4,250,4001,45999,3,4000498,0
5,250,5001,61332,4,5000498,0
1,251,1001,15333,0,1000251,0
2,251,2001,15333,1,2000499,0
3,251,3001,15333,2,3000499,0
4,251,4001,15333,3,4000499,0
5,251,5001,15333,4,5000499,0
2,251,2001,15333,1,2000500,0
3,251,3001,30666,2,3000500,0
4,251,4001,45999,3,4000500,0
5,251,5001,61332,4,5000500,0
1,252,1001,15333,0,1000252,0
2,252,2001,15333,1,2000501,0
3,252,3001,15333,2,3000501,0
4,252,4001,15333,3,4000501,0
5,252,5001,15333,4,5000501,0
2,252,2001,15333,1,2000502,0
3,252,3001,30666,2,3000502,0
4,252,4001,45999,3,4000502,0
5,252,5001,61332,4,5000502,0
1,253,1001,15333,0,1000253,0
2,253,2001,15333,1,2000503,0
3,253,3001,15333,2,3000503,0
4,253,4001,15333,3,4000503,0
5,253,5001,15333,4,5000503,0
2,253,2001,15333,1,2000504,0
3,253,3001,30666,2,3000504,0
4,253,4001,45999,3,4000504,0
5,253,5001,61332,4,5000504,0
1,254,1001,15333,0,1000254,0
2,254,2001,15333,1,2000505,0
3,254,3001,15333,2,3000505,0
4,254,4001,15333,3,4000505,0
5,254,5001,15333,4,5000505,0
2,254,2001,15333,1,2000506,0
3,254,3001,30666,2,3000506,0
4,254,4001,45999,3,4000506,0
5,254,5001,61332,4,5000506,0
1,255,1001,15333,0,1000255,0
2,255,2001,15333,1,2000507,0
3,255,3001,15333,2,3000507,0
4,255,4001,15333,3,4000507,0
5,255,5001,15333,4,5000507,0
2,255,2001,15333,1,2000508,0
3,255,3001,30666,2,3000508,0
4,255,4001,45999,3,4000508,0
5,255,5001,61332,4,5000508,0
1,256,1001,15333,0,1000256,0
2,256,2001,15333,1,2000509,0
3,256,3001,15333,2,3000509,0
4,256,4001,15333,3,4000509,0
5,256,5001,15333,4,5000509,0
2,256,2001,15333,1,2000510,0
3,256,3001,30666,2,3000510,0
4,256,4001,45999,3,4000510,0
5,256,5001,61332,4,5000510,0
1,257,1001,15333,0,1000257,0
2,257,2001,15333,1,2000511,0
3,257,3001,15333,2,3000511,0
4,257,4001,15333,3,4000511,0
5,257,5001,15333,4,5000511,0
2,257,2001,15333,1,2000512,0
3,257,3001,30666,2,3000512,0
4,257,4001,45999,3,4000512,0
5,257,5001,61332,4,5000512,0
1,258,1001,15333,0,1000258,0
2,258,2001,15333,1,2000513,0
3,258,3001,15333,2,3000513,0
4,258,4001,15333,3,4000513,0
5,258,5001,15333,4,5000513,0
2,258,2001,15333,1,2000514,0
3,258,3001,30666,2,3000514,0
4,258,4001,45999,3,4000514,0
5,258,5001,61332,4,5000514,0
1,259,1001,15333,0,1000259,0
2,259,2001,15333,1,2000515,0
3,259,3001,15333,2,3000515,0
4,259,4001,15333,3,4000515,0
5,259,5001,15333,4,5000515,0
2,259,2001,15333,1,2000516,0
3,259,3001,30666,2,3000516,0
4,259,4001,45999,3,4000516,0
5,259,5001,61332,4,5000516,0
1,260,1001,15585,0,1000260,0
2,260,2001,15585,1,2000517,0
3,260,3001,15585,2,3000517,0
4,260,4001,15585,3,4000517,0
5,260,5001,15585,4,5000517,0
2,260,2001,15585,1,2000518,0
3,260,3001,31170,2,3000518,0
4,260,4001,46755,3,4000518,0
5,260,5001,62340,4,5000518,0
1,261,1001,15585,0,1000261,0
2,261,2001,15585,1,2000519,0
3,261,3001,15585,2,3000519,0
4,261,4001,15585,3,4000519,0
5,261,5001,15585,4,5000519,0
2,261,2001,15585,1,2000520,0
3,261,3001,31170,2,3000520,0
4,261,4001,46755,3,4000520,0
5,261,5001,62340,4,5000520,0
1,262,1001,15585,0,1000262,0
2,262,2001,15585,1,2000521,0
3,262,3001,15585,2,3000521,0
4,262,4001,15585,3,4000521,0
5,262,5001,15585,4,5000521,0
2,262,2001,15585,1,2000522,0
3,262,3001,31170,2,3000522,0
4,262,4001,46755,3,4000522,0
5,262,5001,62340,4,5000522,0
1,263,1001,15585,0,1000263,0
2,263,2001,15585,1,2000523,0
3,263,3001,15585,2,3000523,0
4,263,4001,15585,3,4000523,0
5,263,5001,15585,4,5000523,0
2,263,2001,15585,1,2000524,0
3,263,3001,31170,2,3000524,0
4,263,4001,46755,3,4000524,0
5,263,5001,62340,4,5000524,0
1,264,1001,15585,0,1000264,0
2,264,2001,15585,1,2000525,0
3,264,3001,15585,2,3000525,0
4,264,4001,15585,3,4000525,0
5,264,5001,15585,4,5000525,0
2,264,2001,15585,1,2000526,0
3,264,3001,31170,2,3000526,0
4,264,4001,46755,3,4000526,0
5,264,5001,62340,4,5000526,0
1,265,1001,15585,0,1000265,0
2,265,2001,15585,1,2000527,0
3,265,3001,15585,2,3000527,0
4,265,4001,15585,3,4000527,0
5,265,5001,15585,4,5000527,0
2,265,2001,15585,1,2000528,0
3,265,3001,31170,2,3000528,0
4,265,4001,46755,3,4000528,0
5,265,5001,62340,4,5000528,0
1,266,1001,15585,0,1000266,0
2,266,2001,15585,1,2000529,0
3,266,3001,15585,2,3000529,0
4,266,4001,15585,3,4000529,0
5,266,5001,15585,4,5000529,0
2,266,2001,15585,1,2000530,0
3,266,3001,31170,2,3000530,0
4,266,4001,46755,3,4000530,0
5,266,5001,62340,4,5000530,0
1,267,1001,15585,0,1000267,0
2,267,2001,15585,1,2000531,0
3,267,3001,15585,2,3000531,0
4,267,4001,15585,3,4000531,0
5,267,5001,15585,4,5000531,0
2,267,2001,15585,1,2000532,0
3,267,3001,31170,2,3000532,0
4,267,4001,46755,3,4000532,0
5,267,5001,62340,4,5000532,0
1,268,1001,15585,0,1000268,0
2,268,2001,15585,1,2000533,0
3,268,3001,15585,2,3000533,0
4,268,4001,15585,3,4000533,0
5,268,5001,15585,4,5000533,0
2,268,2001,15585,1,2000534,0
3,268,3001,31170,2,3000534,0
4,268,4001,46755,3,4000534,0
5,268,5001,62340,4,5000534,0
1,269,1001,15585,0,1000269,0
2,269,2001,15585,1,2000535,0
3,269,3001,15585,2,3000535,0
4,269,4001,15585,3,4000535,0
5,269,5001,15585,4,5000535,0
2,269,2001,15585,1,2000536,0
3,269,3001,31170,2,3000536,0
4,269,4001,46755,3,4000536,0
5,269,5001,62340,4,5000536,0
1,270,1001,15455,0,1000270,0
2,270,2001,15455,1,2000537,0
3,270,3001,15455,2,3000537,0
4,270,4001,15455,3,4000537,0
5,270,5001,15455,4,5000537,0
2,270,2001,15455,1,2000538,0
3,270,3001,30910,2,3000538,0
4,270,4001,46365,3,4000538,0
5,270,5001,61820,4,5000538,0
1,271,1001,15455,0,1000271,0
2,271,2001,15455,1,2000539,0
3,271,3001,15455,2,3000539,0
4,271,4001,15455,3,4000539,0
5,271,5001,15455,4,5000539,0
2,271,2001,15455,1,2000540,0
3,271,3001,30910,2,3000540,0
4,271,4001,46365,3,4000540,0
5,271,5001,61820,4,5000540,0
1,272,1001,15455,0,1000272,0
2,272,2001,15455,1,2000541,0
3,272,3001,15455,2,3000541,0
4,272,4001,15455,3,4000541,0
5,272,5001,15455,4,5000541,0
2,272,2001,15455,1,2000542,0
3,272,3001,30910,2,3000542,0
4,272,4001,46365,3,4000542,0
5,272,5001,61820,4,5000542,0
1,273,1001,15455,0,1000273,0
2,273,2001,15455,1,2000543,0
3,273,3001,15455,2,3000543,0
4,273,4001,15455,3,4000543,0
5,273,5001,15455,4,5000543,0
2,273,2001,15455,1,2000544,0
3,273,3001,30910,2,3000544,0
4,273,4001,46365,3,4000544,0
5,273,5001,61820,4,5000544,0
1,274,1001,15455,0,1000274,0
2,274,2001,15455,1,2000545,0
3,274,3001,15455,2,3000545,0
4,274,4001,15455,3,4000545,0
5,274,5001,15455,4,5000545,0
2,274,2001,15455,1,2000546,0
3,274,3001,30910,2,3000546,0
4,274,4001,46365,3,4000546,0
5,274,5001,61820,4,5000546,0
1,275,1001,15455,0,1000275,0
2,275,2001,15455,1,2000547,0
3,275,3001,15455,2,3000547,0
4,275,4001,15455,3,4000547,0
5,275,5001,15455,4,5000547,0
2,275,2001,15455,1,2000548,0
3,275,3001,30910,2,3000548,0
4,275,4001,46365,3,4000548,0
5,275,5001,61820,4,5000548,0
1,276,1001,15455,0,1000276,0
2,276,2001,15455,1,2000549,0
3,276,3001,15455,2,3000549,0
4,276,4001,15455,3,4000549,0
5,276,5001,15455,4,5000549,0
2,276,2001,15455,1,2000550,0
3,276,3001,30910,2,3000550,0
4,276,4001,46365,3,4000550,0
5,276,5001,61820,4,5000550,0
1,277,1001,15455,0,1000277,0
2,277,2001,15455,1,2000551,0
3,277,3001,15455,2,3000551,0
4,277,4001,15455,3,4000551,0
5,277,5001,15455,4,5000551,0
2,277,2001,15455,1,2000552,0
3,277,3001,30910,2,3000552,0
4,277,4001,46365,3,4000552,0
5,277,5001,61820,4,5000552,0
1,278,1001,15455,0,1000278,0
2,278,2001,15455,1,2000553,0
3,278,3001,15455,2,3000553,0
4,278,4001,15455,3,4000553,0
5,278,5001,15455,4,5000553,0
2,278,2001,15455,1,2000554,0
3,278,3001,30910,2,3000554,0
4,278,4001,46365,3,4000554,0
5,278,5001,61820,4,5000554,0
1,279,1001,15455,0,1000279,0
2,279,2001,15455,1,2000555,0
3,279,3001,15455,2,3000555,0
4,279,4001,15455,3,4000555,0
5,279,5001,15455,4,5000555,0
2,279,2001,15455,1,2000556,0
3,279,3001,30910,2,3000556,0
4,279,4001,46365,3,4000556,0
5,279,5001,61820,4,5000556,0
1,280,1001,17776,0,1000280,0
2,280,2001,17776,1,2000557,0
3,280,3001,17776,2,3000557,0
4,280,4001,17776,3,4000557,0
5,280,5001,17776,4,5000557,0
2,280,2001,17776,1,2000558,0
3,280,3001,35552,2,3000558,0
4,280,4001,53328,3,4000558,0
5,280,5001,71104,4,5000558,0
1,281,1001,17776,0,1000281,0
2,281,2001,17776,1,2000559,0
3,281,3001,17776,2,3000559,0
4,281,4001,17776,3,4000559,0
5,281,5001,17776,4,5000559,0
2,281,2001,17776,1,2000560,0
3,281,3001,35552,2,3000560,0
4,281,4001,53328,3,4000560,0
5,281,5001,71104,4,5000560,0
1,282,1001,17776,0,1000282,0
2,282,2001,17776,1,2000561,0
3,282,3001,17776,2,3000561,0
4,282,4001,17776,3,4000561,0
5,282,5001,17776,4,5000561,0
2,282,2001,17776,1,2000562,0
3,282,3001,35552,2,3000562,0
4,282,4001,53328,3,4000562,0
5,282,5001,71104,4,5000562,0
1,283,1001,17776,0,1000283,0
2,283,2001,17776,1,2000563,0
3,283,3001,17776,2,3000563,0
4,283,4001,17776,3,4000563,0
5,283,5001,17776,4,5000563,0
2,283,2001,17776,1,2000564,0
3,283,3001,35552,2,3000564,0
4,283,4001,53328,3,4000564,0
5,283,5001,71104,4,5000564,0
1,284,1001,17776,0,1000284,0
2,284,2001,17776,1,2000565,0
3,284,3001,17776,2,3000565,0
4,284,4001,17776,3,4000565,0
5,284,5001,17776,4,5000565,0
2,284,2001,17776,1,2000566,0
3,284,3001,35552,2,3000566,0
4,284,4001,53328,3,4000566,0
5,284,5001,71104,4,5000566,0
1,285,1001,17776,0,1000285,0
2,285,2001,17776,1,2000567,0
3,285,3001,17776,2,3000567,0
4,285,4001,17776,3,4000567,0
5,285,5001,17776,4,5000567,0
2,285,2001,17776,1,2000568,0
3,285,3001,35552,2,3000568,0
4,285,4001,53328,3,4000568,0
5,285,5001,71104,4,5000568,0
1,286,1001,17776,0,1000286,0
2,286,2001,17776,1,2000569,0
3,286,3001,17776,2,3000569,0
4,286,4001,17776,3,4000569,0
5,286,5001,17776,4,5000569,0
2,286,2001,17776,1,2000570,0
3,286,3001,35552,2,3000570,0
4,286,4001,53328,3,4000570,0
5,286,5001,71104,4,5000570,0
1,287,1001,17776,0,1000287,0
2,287,2001,17776,1,2000571,0
3,287,3001,17776,2,3000571,0
4,287,4001,17776,3,4000571,0
5,287,5001,17776,4,5000571,0
2,287,2001,17776,1,2000572,0
3,287,3001,35552,2,3000572,0
4,287,4001,53328,3,4000572,0
5,287,5001,71104,4,5000572,0
1,288,1001,17776,0,1000288,0
2,288,2001,17776,1,2000573,0
3,288,3001,17776,2,3000573,0
4,288,4001,17776,3,4000573,0
5,288,5001,17776,4,5000573,0
2,288,2001,17776,1,2000574,0
3,288,3001,35552,2,3000574,0
4,288,4001,53328,3,4000574,0
5,288,5001,71104,4,5000574,0
1,289,1001,17776,0,1000289,0
2,289,2001,17776,1,2000575,0
3,289,3001,17776,2,3000575,0
4,289,4001,17776,3,4000575,0
5,289,5001,17776,4,5000575,0
2,289,2001,17776,1,2000576,0
3,289,3001,35552,2,3000576,0
4,289,4001,53328,3,4000576,0
5,289,5001,71104,4,5000576,0
1,290,1001,15692,0,1000290,0
2,290,2001,15692,1,2000577,0
3,290,3001,15692,2,3000577,0
4,290,4001,15692,3,4000577,0
5,290,5001,15692,4,5000577,0
2,290,2001,15692,1,2000578,0
3,290,3001,31384,2,3000578,0
4,290,4001,47076,3,4000578,0
5,290,5001,62768,4,5000578,0
1,291,1001,15692,0,1000291,0
2,291,2001,15692,1,2000579,0
3,291,3001,15692,2,3000579,0
4,291,4001,15692,3,4000579,0
5,291,5001,15692,4,5000579,0
2,291,2001,15692,1,2000580,0
3,291,3001,31384,2,3000580,0
4,291,4001,47076,3,4000580,0
5,291,5001,62768,4,5000580,0
1,292,1001,15692,0,1000292,0
2,292,2001,15692,1,2000581,0
3,292,3001,15692,2,3000581,0
4,292,4001,15692,3,4000581,0
5,292,5001,15692,4,5000581,0
2,292,2001,15692,1,2000582,0
3,292,3001,31384,2,3000582,0
4,292,4001,47076,3,4000582,0
5,292,5001,62768,4,5000582,0
1,293,1001,15692,0,1000293,0
2,293,2001,15692,1,2000583,0
3,293,3001,15692,2,3000583,0
4,293,4001,15692,3,4000583,0
5,293,5001,15692,4,5000583,0
2,293,2001,15692,1,2000584,0
3,293,3001,31384,2,3000584,0
4,293,4001,47076,3,4000584,0
5,293,5001,62768,4,5000584,0
1,294,1001,15692,0,1000294,0
2,294,2001,15692,1,2000585,0
3,294,3001,15692,2,3000585,0
4,294,4001,15692,3,4000585,0
5,294,5001,15692,4,5000585,0
2,294,2001,15692,1,2000586,0
3,294,3001,31384,2,3000586,0
4,294,4001,47076,3,4000586,0
5,294,5001,62768,4,5000586,0
1,295,1001,15692,0,1000295,0
2,295,2001,15692,1,2000587,0
3,295,3001,15692,2,3000587,0
4,295,4001,15692,3,4000587,0
5,295,5001,15692,4,5000587,0
2,295,2001,15692,1,2000588,0
3,295,3001,31384,2,3000588,0
4,295,4001,47076,3,4000588,0
5,295,5001,62768,4,5000588,0
1,296,1001,15692,0,1000296,0
2,296,2001,15692,1,2000589,0
3,296,3001,15692,2,3000589,0
4,296,4001,15692,3,4000589,0
5,296,5001,15692,4,5000589,0
2,296,2001,15692,1,2000590,0
3,296,3001,31384,2,3000590,0
4,296,4001,47076,3,4000590,0
5,296,5001,62768,4,5000590,0
1,297,1001,15692,0,1000297,0
2,297,2001,15692,1,2000591,0
3,297,3001,15692,2,3000591,0
4,297,4001,15692,3,4000591,0
5,297,5001,15692,4,5000591,0
2,297,2001,15692,1,2000592,0
3,297,3001,31384,2,3000592,0
4,297,4001,47076,3,4000592,0
5,297,5001,62768,4,5000592,0
1,298,1001,15692,0,1000298,0
2,298,2001,15692,1,2000593,0
3,298,3001,15692,2,3000593,0
4,298,4001,15692,3,4000593,0
5,298,5001,15692,4,5000593,0
2,298,2001,15692,1,2000594,0
3,298,3001,31384,2,3000594,0
4,298,4001,47076,3,4000594,0
5,298,5001,62768,4,5000594,0
1,299,1001,15692,0,1000299,0
2,299,2001,15692,1,2000595,0
3,299,3001,15692,2,3000595,0
4,299,4001,15692,3,4000595,0
5,299,5001,15692,4,5000595,0
2,299,2001,15692,1,2000596,0
3,299,3001,31384,2,3000596,0
4,299,4001,47076,3,4000596,0
5,299,5001,62768,4,5000596,0
1,300,1001,16104,0,1000300,0
2,300,2001,16104,1,2000597,0
3,300,3001,16104,2,3000597,0
4,300,4001,16104,3,4000597,0
5,300,5001,16104,4,5000597,0
2,300,2001,16104,1,2000598,0
3,300,3001,32208,2,3000598,0
4,300,4001,48312,3,4000598,0
5,300,5001,64416,4,5000598,0
1,301,1001,16104,0,1000301,0
2,301,2001,16104,1,2000599,0
3,301,3001,16104,2,3000599,0
4,301,4001,16104,3,4000599,0
5,301,5001,16104,4,5000599,0
2,301,2001,16104,1,2000600,0
3,301,3001,32208,2,3000600,0
4,301,4001,48312,3,4000600,0
5,301,5001,64416,4,5000600,0
1,302,1001,16104,0,1000302,0
2,302,2001,16104,1,2000601,0
3,302,3001,16104,2,3000601,0
4,302,4001,16104,3,4000601,0
5,302,5001,16104,4,5000601,0
2,302,2001,16104,1,2000602,0
3,302,3001,32208,2,3000602,0
4,302,4001,48312,3,4000602,0
5,302,5001,64416,4,5000602,0
1,303,1001,16104,0,1000303,0
2,303,2001,16104,1,2000603,0
3,303,3001,16104,2,3000603,0
4,303,4001,16104,3,4000603,0
5,303,5001,16104,4,5000603,0
2,303,2001,16104,1,2000604,0
3,303,3001,32208,2,3000604,0
4,303,4001,48312,3,4000604,0
5,303,5001,64416,4,5000604,0
1,304,1001,16104,0,1000304,0
2,304,2001,16104,1,2000605,0
3,304,3001,16104,2,3000605,0
4,304,4001,16104,3,4000605,0
5,304,5001,16104,4,5000605,0
2,304,2001,16104,1,2000606,0
3,304,3001,32208,2,3000606,0
4,304,4001,48312,3,4000606,0
5,304,5001,64416,4,5000606,0
1,305,1001,16104,0,1000305,0
2,305,2001,16104,1,2000607,0
3,305,3001,16104,2,3000607,0
4,305,4001,16104,3,4000607,0
5,305,5001,16104,4,5000607,0
2,305,2001,16104,1,2000608,0
3,305,3001,32208,2,3000608,0
4,305,4001,48312,3,4000608,0
5,305,5001,64416,4,5000608,0
1,306,1001,16104,0,1000306,0
2,306,2001,16104,1,2000609,0
3,306,3001,16104,2,3000609,0
4,306,4001,16104,3,4000609,0
5,306,5001,16104,4,5000609,0
2,306,2001,16104,1,2000610,0
3,306,3001,32208,2,3000610,0
4,306,4001,48312,3,4000610,0
5,306,5001,64416,4,5000610,0
1,307,1001,16104,0,1000307,0
2,307,2001,16104,1,2000611,0
3,307,3001,16104,2,3000611,0
4,307,4001,16104,3,4000611,0
5,307,5001,16104,4,5000611,0
2,307,2001,16104,1,2000612,0
3,307,3001,32208,2,3000612,0
4,307,4001,48312,3,4000612,0
5,307,5001,64416,4,5000612,0
1,308,1001,16104,0,1000308,0
2,308,2001,16104,1,2000613,0
3,308,3001,16104,2,3000613,0
4,308,4001,16104,3,4000613,0
5,308,5001,16104,4,5000613,0
2,308,2001,16104,1,2000614,0
3,308,3001,32208,2,3000614,0
4,308,4001,48312,3,4000614,0
5,308,5001,64416,4,5000614,0
1,309,1001,16104,0,1000309,0
2,309,2001,16104,1,2000615,0
3,309,3001,16104,2,3000615,0
4,309,4001,16104,3,4000615,0
5,309,5001,16104,4,5000615,0
2,309,2001,16104,1,2000616,0
3,309,3001,32208,2,3000616,0
4,309,4001,48312,3,4000616,0
5,309,5001,64416,4,5000616,0
1,310,1001,15824,0,1000310,0
2,310,2001,15824,1,2000617,0
3,310,3001,15824,2,3000617,0
4,310,4001,15824,3,4000617,0
5,310,5001,15824,4,5000617,0
2,310,2001,15824,1,2000618,0
3,310,3001,31648,2,3000618,0
4,310,4001,47472,3,4000618,0
5,310,5001,63296,4,5000618,0
1,311,1001,15824,0,1000311,0
2,311,2001,15824,1,2000619,0
3,311,3001,15824,2,3000619,0
4,311,4001,15824,3,4000619,0
5,311,5001,15824,4,5000619,0
2,311,2001,15824,1,2000620,0
3,311,3001,31648,2,3000620,0
4,311,4001,47472,3,4000620,0
5,311,5001,63296,4,5000620,0
1,312,1001,15824,0,1000312,0
2,312,2001,15824,1,2000621,0
3,312,3001,15824,2,3000621,0
4,312,4001,15824,3,4000621,0
5,312,5001,15824,4,5000621,0
2,312,2001,15824,1,2000622,0
3,312,3001,31648,2,3000622,0
4,312,4001,47472,3,4000622,0
5,312,5001,63296,4,5000622,0
1,313,1001,15824,0,1000313,0
2,313,2001,15824,1,2000623,0
3,313,3001,15824,2,3000623,0
4,313,4001,15824,3,4000623,0
5,313,5001,15824,4,5000623,0
2,313,2001,15824,1,2000624,0
3,313,3001,31648,2,3000624,0
4,313,4001,47472,3,4000624,0
5,313,5001,63296,4,5000624,0
1,314,1001,15824,0,1000314,0
2,314,2001,15824,1,2000625,0
3,314,3001,15824,2,3000625,0
4,314,4001,15824,3,4000625,0
5,314,5001,15824,4,5000625,0
2,314,2001,15824,1,2000626,0
3,314,3001,31648,2,3000626,0
4,314,4001,47472,3,4000626,0
5,314,5001,63296,4,5000626,0
1,315,1001,15824,0,1000315,0
2,315,2001,15824,1,2000627,0
3,315,3001,15824,2,3000627,0
4,315,4001,15824,3,4000627,0
5,315,5001,15824,4,5000627,0
2,315,2001,15824,1,2000628,0
3,315,3001,31648,2,3000628,0
4,315,4001,47472,3,4000628,0
5,315,5001,63296,4,5000628,0
1,316,1001,15824,0,1000316,0
2,316,2001,15824,1,2000629,0
3,316,3001,15824,2,3000629,0
4,316,4001,15824,3,4000629,0
5,316,5001,15824,4,5000629,0
2,316,2001,15824,1,2000630,0
3,316,3001,31648,2,3000630,0
4,316,4001,47472,3,4000630,0
5,316,5001,63296,4,5000630,0
1,317,1001,15824,0,1000317,0
2,317,2001,15824,1,2000631,0
3,317,3001,15824,2,3000631,0
4,317,4001,15824,3,4000631,0
5,317,5001,15824,4,5000631,0
2,317,2001,15824,1,2000632,0
3,317,3001,31648,2,3000632,0
4,317,4001,47472,3,4000632,0
5,317,5001,63296,4,5000632,0
1,318,1001,15824,0,1000318,0
2,318,2001,15824,1,2000633,0
3,318,3001,15824,2,3000633,0
4,318,4001,15824,3,4000633,0
5,318,5001,15824,4,5000633,0
2,318,2001,15824,1,2000634,0
3,318,3001,31648,2,3000634,0
4,318,4001,47472,3,4000634,0
5,318,5001,63296,4,5000634,0
1,319,1001,15824,0,1000319,0
2,319,2001,15824,1,2000635,0
3,319,3001,15824,2,3000635,0
4,319,4001,15824,3,4000635,0
5,319,5001,15824,4,5000635,0
2,319,2001,15824,1,2000636,0
3,319,3001,31648,2,3000636,0
4,319,4001,47472,3,4000636,0
5,319,5001,63296,4,5000636,0
1,320,1001,15613,0,1000320,0
2,320,2001,15613,1,2000637,0
3,320,3001,15613,2,3000637,0
4,320,4001,15613,3,4000637,0
5,320,5001,15613,4,5000637,0
2,320,2001,15613,1,2000638,0
3,320,3001,31226,2,3000638,0
4,320,4001,46839,3,4000638,0
5,320,5001,62452,4,5000638,0
1,321,1001,15613,0,1000321,0
2,321,2001,15613,1,2000639,0
3,321,3001,15613,2,3000639,0
4,321,4001,15613,3,4000639,0
5,321,5001,15613,4,5000639,0
2,321,2001,15613,1,2000640,0
3,321,3001,31226,2,3000640,0
4,321,4001,46839,3,4000640,0
5,321,5001,62452,4,5000640,0
1,322,1001,15613,0,1000322,0
2,322,2001,15613,1,2000641,0
3,322,3001,15613,2,3000641,0
4,322,4001,15613,3,4000641,0
5,322,5001,15613,4,5000641,0
2,322,2001,15613,1,2000642,0
3,322,3001,31226,2,3000642,0
4,322,4001,46839,3,4000642,0
5,322,5001,62452,4,5000642,0
1,323,1001,15613,0,1000323,0
2,323,2001,15613,1,2000643,0
3,323,3001,15613,2,3000643,0
4,323,4001,15613,3,4000643,0
5,323,5001,15613,4,5000643,0
2,323,2001,15613,1,2000644,0
3,323,3001,31226,2,3000644,0
4,323,4001,46839,3,4000644,0
5,323,5001,62452,4,5000644,0
1,324,1001,15613,0,1000324,0
2,324,2001,15613,1,2000645,0
3,324,3001,15613,2,3000645,0
4,324,4001,15613,3,4000645,0
5,324,5001,15613,4,5000645,0
2,324,2001,15613,1,2000646,0
3,324,3001,31226,2,3000646,0
4,324,4001,46839,3,4000646,0
5,324,5001,62452,4,5000646,0
1,325,1001,15613,0,1000325,0
2,325,2001,15613,1,2000647,0
3,325,3001,15613,2,3000647,0
4,325,4001,15613,3,4000647,0
5,325,5001,15613,4,5000647,0
2,325,2001,15613,1,2000648,0
3,325,3001,31226,2,3000648,0
4,325,4001,46839,3,4000648,0
5,325,5001,62452,4,5000648,0
1,326,1001,15613,0,1000326,0
2,326,2001,15613,1,2000649,0
3,326,3001,15613,2,3000649,0
4,326,4001,15613,3,4000649,0
5,326,5001,15613,4,5000649,0
2,326,2001,15613,1,2000650,0
3,326,3001,31226,2,3000650,0
4,326,4001,46839,3,4000650,0
5,326,5001,62452,4,5000650,0
1,327,1001,15613,0,1000327,0
2,327,2001,15613,1,2000651,0
3,327,3001,15613,2,3000651,0
4,327,4001,15613,3,4000651,0
5,327,5001,15613,4,5000651,0
2,327,2001,15613,1,2000652,0
3,327,3001,31226,2,3000652,0
4,327,4001,46839,3,4000652,0
5,327,5001,62452,4,5000652,0
1,328,1001,15613,0,1000328,0
2,328,2001,15613,1,2000653,0
3,328,3001,15613,2,3000653,0
4,328,4001,15613,3,4000653,0
5,328,5001,15613,4,5000653,0
2,328,2001,15613,1,2000654,0
3,328,3001,31226,2,3000654,0
4,328,4001,46839,3,4000654,0
5,328,5001,62452,4,5000654,0
1,329,1001,15613,0,1000329,0
2,329,2001,15613,1,2000655,0
3,329,3001,15613,2,3000655,0
4,329,4001,15613,3,4000655,0
5,329,5001,15613,4,5000655,0
2,329,2001,15613,1,2000656,0
3,329,3001,31226,2,3000656,0
4,329,4001,46839,3,4000656,0
5,329,5001,62452,4,5000656,0
1,330,1001,16896,0,1000330,0
2,330,2001,16896,1,2000657,0
3,330,3001,16896,2,3000657,0
4,330,4001,16896,3,4000657,0
5,330,5001,16896,4,5000657,0
2,330,2001,16896,1,2000658,0
3,330,3001,33792,2,3000658,0
4,330,4001,50688,3,4000658,0
5,330,5001,67584,4,5000658,0
1,331,1001,16896,0,1000331,0
2,331,2001,16896,1,2000659,0
3,331,3001,16896,2,3000659,0
4,331,4001,16896,3,4000659,0
5,331,5001,16896,4,5000659,0
2,331,2001,16896,1,2000660,0
3,331,3001,33792,2,3000660,0
4,331,4001,50688,3,4000660,0
5,331,5001,67584,4,5000660,0
1,332,1001,16896,0,1000332,0
2,332,2001,16896,1,2000661,0
3,332,3001,16896,2,3000661,0
4,332,4001,16896,3,4000661,0
5,332,5001,16896,4,5000661,0
2,332,2001,16896,1,2000662,0
3,332,3001,33792,2,3000662,0
4,332,4001,50688,3,4000662,0
5,332,5001,67584,4,5000662,0
1,333,1001,16896,0,1000333,0
2,333,2001,16896,1,2000663,0
3,333,3001,16896,2,3000663,0
4,333,4001,16896,3,4000663,0
5,333,5001,16896,4,5000663,0
2,333,2001,16896,1,2000664,0
3,333,3001,33792,2,3000664,0
4,333,4001,50688,3,4000664,0
5,333,5001,67584,4,5000664,0
1,334,1001,16896,0,1000334,0
2,334,2001,16896,1,2000665,0
3,334,3001,16896,2,3000665,0
4,334,4001,16896,3,4000665,0
5,334,5001,16896,4,5000665,0
2,334,2001,16896,1,2000666,0
3,334,3001,33792,2,3000666,0
4,334,4001,50688,3,4000666,0
5,334,5001,67584,4,5000666,0
1,335,1001,16896,0,1000335,0
2,335,2001,16896,1,2000667,0
3,335,3001,16896,2,3000667,0
4,335,4001,16896,3,4000667,0
5,335,5001,16896,4,5000667,0
2,335,2001,16896,1,2000668,0
3,335,3001,33792,2,3000668,0
4,335,4001,50688,3,4000668,0
5,335,5001,67584,4,5000668,0
1,336,1001,16896,0,1000336,0
2,336,2001,16896,1,2000669,0
3,336,3001,16896,2,3000669,0
4,336,4001,16896,3,4000669,0
5,336,5001,16896,4,5000669,0
2,336,2001,16896,1,2000670,0
3,336,3001,33792,2,3000670,0
4,336,4001,50688,3,4000670,0
5,336,5001,67584,4,5000670,0
1,337,1001,16896,0,1000337,0
2,337,2001,16896,1,2000671,0
3,337,3001,16896,2,3000671,0
4,337,4001,16896,3,4000671,0
5,337,5001,16896,4,5000671,0
2,337,2001,16896,1,2000672,0
3,337,3001,33792,2,3000672,0
4,337,4001,50688,3,4000672,0
5,337,5001,67584,4,5000672,0
1,338,1001,16896,0,1000338,0
2,338,2001,16896,1,2000673,0
3,338,3001,16896,2,3000673,0
4,338,4001,16896,3,4000673,0
5,338,5001,16896,4,5000673,0
2,338,2001,16896,1,2000674,0
3,338,3001,33792,2,3000674,0
4,338,4001,50688,3,4000674,0
5,338,5001,67584,4,5000674,0
1,339,1001,16896,0,1000339,0
2,339,2001,16896,1,2000675,0
3,339,3001,16896,2,3000675,0
4,339,4001,16896,3,4000675,0
5,339,5001,16896,4,5000675,0
2,339,2001,16896,1,2000676,0
3,339,3001,33792,2,3000676,0
4,339,4001,50688,3,4000676,0
5,339,5001,67584,4,5000676,0
1,340,1001,18139,0,1000340,0
2,340,2001,18139,1,2000677,0
3,340,3001,18139,2,3000677,0
4,340,4001,18139,3,4000677,0
5,340,5001,18139,4,5000677,0
2,340,2001,18139,1,2000678,0
3,340,3001,36278,2,3000678,0
4,340,4001,54417,3,4000678,0
5,340,5001,72556,4,5000678,0
1,341,1001,18139,0,1000341,0
2,341,2001,18139,1,2000679,0
3,341,3001,18139,2,3000679,0
4,341,4001,18139,3,4000679,0
5,341,5001,18139,4,5000679,0
2,341,2001,18139,1,2000680,0
3,341,3001,36278,2,3000680,0
4,341,4001,54417,3,4000680,0
5,341,5001,72556,4,5000680,0
1,342,1001,18139,0,1000342,0
2,342,2001,18139,1,2000681,0
3,342,3001,18139,2,3000681,0
4,342,4001,18139,3,4000681,0
5,342,5001,18139,4,5000681,0
2,342,2001,18139,1,2000682,0
3,342,3001,36278,2,3000682,0
4,342,4001,54417,3,4000682,0
5,342,5001,72556,4,5000682,0
1,343,1001,18139,0,1000343,0
2,343,2001,18139,1,2000683,0
3,343,3001,18139,2,3000683,0
4,343,4001,18139,3,4000683,0
5,343,5001,18139,4,5000683,0
2,343,2001,18139,1,2000684,0
3,343,3001,36278,2,3000684,0
4,343,4001,54417,3,4000684,0
5,343,5001,72556,4,5000684,0
1,344,1001,18139,0,1000344,0
2,344,2001,18139,1,2000685,0
3,344,3001,18139,2,3000685,0
4,344,4001,18139,3,4000685,0
5,344,5001,18139,4,5000685,0
2,344,2001,18139,1,2000686,0
3,344,3001,36278,2,3000686,0
4,344,4001,54417,3,4000686,0
5,344,5001,72556,4,5000686,0
1,345,1001,18139,0,1000345,0
2,345,2001,18139,1,2000687,0
3,345,3001,18139,2,3000687,0
4,345,4001,18139,3,4000687,0
5,345,5001,18139,4,5000687,0
2,345,2001,18139,1,2000688,0
3,345,3001,36278,2,3000688,0
4,345,4001,54417,3,4000688,0
5,345,5001,72556,4,5000688,0
1,346,1001,18139,0,1000346,0
2,346,2001,18139,1,2000689,0
3,346,3001,18139,2,3000689,0
4,346,4001,18139,3,4000689,0
5,346,5001,18139,4,5000689,0
2,346,2001,18139,1,2000690,0
3,346,3001,36278,2,3000690,0
4,346,4001,54417,3,4000690,0
5,346,5001,72556,4,5000690,0
1,347,1001,18139,0,1000347,0
2,347,2001,18139,1,2000691,0
3,347,3001,18139,2,3000691,0
4,347,4001,18139,3,4000691,0
5,347,5001,18139,4,5000691,0
2,347,2001,18139,1,2000692,0
3,347,3001,36278,2,3000692,0
4,347,4001,54417,3,4000692,0
5,347,5001,72556,4,5000692,0
1,348,1001,18139,0,1000348,0
2,348,2001,18139,1,2000693,0
3,348,3001,18139,2,3000693,0
4,348,4001,18139,3,4000693,0
5,348,5001,18139,4,5000693,0
2,348,2001,18139,1,2000694,0
3,348,3001,36278,2,3000694,0
4,348,4001,54417,3,4000694,0
5,348,5001,72556,4,5000694,0
1,349,1001,18139,0,1000349,0
2,349,2001,18139,1,2000695,0
3,349,3001,18139,2,3000695,0
4,349,4001,18139,3,4000695,0
5,349,5001,18139,4,5000695,0
2,349,2001,18139,1,2000696,0
3,349,3001,36278,2,3000696,0
4,349,4001,54417,3,4000696,0
5,349,5001,72556,4,5000696,0
1,350,1001,11926,0,1000350,0
2,350,2001,11926,1,2000697,0
3,350,3001,11926,2,3000697,0
4,350,4001,11926,3,4000697,0
5,350,5001,11926,4,5000697,0
2,350,2001,11926,1,2000698,0
3,350,3001,23852,2,3000698,0
4,350,4001,35778,3,4000698,0
5,350,5001,47704,4,5000698,0
1,351,1001,11926,0,1000351,0
2,351,2001,11926,1,2000699,0
3,351,3001,11926,2,3000699,0
4,351,4001,11926,3,4000699,0
5,351,5001,11926,4,5000699,0
2,351,2001,11926,1,2000700,0
3,351,3001,23852,2,3000700,0
4,351,4001,35778,3,4000700,0
5,351,5001,47704,4,5000700,0
1,352,1001,11926,0,1000352,0
2,352,2001,11926,1,2000701,0
3,352,3001,11926,2,3000701,0
4,352,4001,11926,3,4000701,0
5,352,5001,11926,4,5000701,0
2,352,2001,11926,1,2000702,0
3,352,3001,23852,2,3000702,0
4,352,4001,35778,3,4000702,0
5,352,5001,47704,4,5000702,0
1,353,1001,11926,0,1000353,0
2,353,2001,11926,1,2000703,0
3,353,3001,11926,2,3000703,0
4,353,4001,11926,3,4000703,0
5,353,5001,11926,4,5000703,0
2,353,2001,11926,1,2000704,0
3,353,3001,23852,2,3000704,0
4,353,4001,35778,3,4000704,0
5,353,5001,47704,4,5000704,0
1,354,1001,11926,0,1000354,0
2,354,2001,11926,1,2000705,0
3,354,3001,11926,2,3000705,0
4,354,4001,11926,3,4000705,0
5,354,5001,11926,4,5000705,0
2,354,2001,11926,1,2000706,0
3,354,3001,23852,2,3000706,0
4,354,4001,35778,3,4000706,0
5,354,5001,47704,4,5000706,0
1,355,1001,11926,0,1000355,0
2,355,2001,11926,1,2000707,0
3,355,3001,11926,2,3000707,0
4,355,4001,11926,3,4000707,0
5,355,5001,11926,4,5000707,0
2,355,2001,11926,1,2000708,0
3,355,3001,23852,2,3000708,0
4,355,4001,35778,3,4000708,0
5,355,5001,47704,4,5000708,0
1,356,1001,11926,0,1000356,0
2,356,2001,11926,1,2000709,0
3,356,3001,11926,2,3000709,0
4,356,4001,11926,3,4000709,0
5,356,5001,11926,4,5000709,0
2,356,2001,11926,1,2000710,0
3,356,3001,23852,2,3000710,0
4,356,4001,35778,3,4000710,0
5,356,5001,47704,4,5000710,0
1,357,1001,11926,0,1000357,0
2,357,2001,11926,1,2000711,0
3,357,3001,11926,2,3000711,0
4,357,4001,11926,3,4000711,0
5,357,5001,11926,4,5000711,0
2,357,2001,11926,1,2000712,0
3,357,3001,23852,2,3000712,0
4,357,4001,35778,3,4000712,0
5,357,5001,47704,4,5000712,0
1,358,1001,11926,0,1000358,0
2,358,2001,11926,1,2000713,0
3,358,3001,11926,2,3000713,0
4,358,4001,11926,3,4000713,0
5,358,5001,11926,4,5000713,0
2,358,2001,11926,1,2000714,0
3,358,3001,23852,2,3000714,0
4,358,4001,35778,3,4000714,0
5,358,5001,47704,4,5000714,0
1,359,1001,11926,0,1000359,0
2,359,2001,11926,1,2000715,0
3,359,3001,11926,2,3000715,0
4,359,4001,11926,3,4000715,0
5,359,5001,11926,4,5000715,0
2,359,2001,11926,1,2000716,0
3,359,3001,23852,2,3000716,0
4,359,4001,35778,3,4000716,0
5,359,5001,47704,4,5000716,0
1,360,1001,13329,0,1000360,0
2,360,2001,13329,1,2000717,0
3,360,3001,13329,2,3000717,0
4,360,4001,13329,3,4000717,0
5,360,5001,13329,4,5000717,0
2,360,2001,13329,1,2000718,0
3,360,3001,26658,2,3000718,0
4,360,4001,39987,3,4000718,0
5,360,5001,53316,4,5000718,0
1,361,1001,13329,0,1000361,0
2,361,2001,13329,1,2000719,0
3,361,3001,13329,2,3000719,0
4,361,4001,13329,3,4000719,0
5,361,5001,13329,4,5000719,0
2,361,2001,13329,1,2000720,0
3,361,3001,26658,2,3000720,0
4,361,4001,39987,3,4000720,0
5,361,5001,53316,4,5000720,0
1,362,1001,13329,0,1000362,0
2,362,2001,13329,1,2000721,0
3,362,3001,13329,2,3000721,0
4,362,4001,13329,3,4000721,0
5,362,5001,13329,4,5000721,0
2,362,2001,13329,1,2000722,0
3,362,3001,26658,2,3000722,0
4,362,4001,39987,3,4000722,0
5,362,5001,53316,4,5000722,0
1,363,1001,13329,0,1000363,0
2,363,2001,13329,1,2000723,0
3,363,3001,13329,2,3000723,0
4,363,4001,13329,3,4000723,0
5,363,5001,13329,4,5000723,0
2,363,2001,13329,1,2000724,0
3,363,3001,26658,2,3000724,0
4,363,4001,39987,3,4000724,0
5,363,5001,53316,4,5000724,0
1,364,1001,13329,0,1000364,0
2,364,2001,13329,1,2000725,0
3,364,3001,13329,2,3000725,0
4,364,4001,13329,3,4000725,0
5,364,5001,13329,4,5000725,0
2,364,2001,13329,1,2000726,0
3,364,3001,26658,2,3000726,0
4,364,4001,39987,3,4000726,0
5,364,5001,53316,4,5000726,0
1,365,1001,13329,0,1000365,0
2,365,2001,13329,1,2000727,0
3,365,3001,13329,2,3000727,0
4,365,4001,13329,3,4000727,0
5,365,5001,13329,4,5000727,0
2,365,2001,13329,1,2000728,0
3,365,3001,26658,2,3000728,0
4,365,4001,39987,3,4000728,0
5,365,5001,53316,4,5000728,0
