_id,actor_id,last_update,product,quantity
61d4dce70f6f8823f6b7fdc9,1,1,1001,100
61d4dce70f6f8823f6b7fdca,1,1,2001,100
61d4dce70f6f8823f6b7fdcb,0,1,0,0
61d4dce70f6f8823f6b7fdcc,2,1,2001,100
61d4dce70f6f8823f6b7fdcd,0,1,0,0
61d4dce70f6f8823f6b7fdce,3,1,3001,100
61d4dce70f6f8823f6b7fdcf,0,1,0,0
61d4dce70f6f8823f6b7fdd0,4,1,4001,100
61d4dce70f6f8823f6b7fdd1,0,1,0,0
61d4dce70f6f8823f6b7fdd2,5,1,5001,99999
61d4dce70f6f8823f6b7fdd3,0,1,0,0
61d4dce70f6f8823f6b7fdd4,0,1,0,0
61d4dce70f6f8823f6b7fdd5,1,1,1001,91
61d4dce70f6f8823f6b7fdd6,0,2,1001,9
61d4dce70f6f8823f6b7fdd7,1,2,1001,84
61d4dce70f6f8823f6b7fdd8,0,3,1001,7
61d4dce70f6f8823f6b7fdd9,1,3,1001,80
61d4dce70f6f8823f6b7fdda,0,4,1001,4
61d4dce70f6f8823f6b7fddb,1,4,1001,72
61d4dce70f6f8823f6b7fddc,0,5,1001,8
61d4dce70f6f8823f6b7fddd,1,5,1001,67
61d4dce80f6f8823f6b7fdde,0,6,1001,5
61d4dce80f6f8823f6b7fddf,1,6,1001,66
61d4dce80f6f8823f6b7fde0,0,7,1001,1
61d4dce80f6f8823f6b7fde1,1,7,1001,64
61d4dce80f6f8823f6b7fde2,0,8,1001,2
61d4dce80f6f8823f6b7fde3,1,8,1001,58
61d4dce80f6f8823f6b7fde4,0,9,1001,6
61d4dce80f6f8823f6b7fde5,1,9,1001,48
61d4dce80f6f8823f6b7fde6,0,10,1001,10
61d4dce80f6f8823f6b7fde7,1,10,1001,44
61d4dce80f6f8823f6b7fde8,0,11,1001,4
61d4dce80f6f8823f6b7fde9,1,11,1001,40
61d4dce80f6f8823f6b7fdea,0,12,1001,4
61d4dce80f6f8823f6b7fdeb,1,12,1001,39
61d4dce80f6f8823f6b7fdec,0,13,1001,1
61d4dce80f6f8823f6b7fded,1,13,1001,34
61d4dce80f6f8823f6b7fdee,0,14,1001,5
61d4dce80f6f8823f6b7fdef,1,14,1001,29
61d4dce80f6f8823f6b7fdf0,0,15,1001,5
61d4dce80f6f8823f6b7fdf1,1,15,1001,24
61d4dce80f6f8823f6b7fdf2,0,16,1001,5
61d4dce80f6f8823f6b7fdf3,1,16,1001,14
61d4dce80f6f8823f6b7fdf4,0,17,1001,10
61d4dce80f6f8823f6b7fdf5,1,17,1001,10
61d4dce80f6f8823f6b7fdf6,0,18,1001,4
61d4dce80f6f8823f6b7fdf7,1,18,1001,4
61d4dce80f6f8823f6b7fdf8,0,19,1001,6
61d4dce80f6f8823f6b7fdf9,1,24,1001,2
61d4dce80f6f8823f6b7fdfa,2,24,2001,99
61d4dce80f6f8823f6b7fdfb,0,25,1001,2
61d4dce80f6f8823f6b7fdfc,1,25,2001,1
61d4dce80f6f8823f6b7fdfd,1,25,1001,1
61d4dce80f6f8823f6b7fdfe,2,25,2001,98
61d4dce80f6f8823f6b7fdff,0,26,1001,1
61d4dce80f6f8823f6b7fe00,1,26,2001,1
61d4dce80f6f8823f6b7fe01,2,26,2001,97
61d4dce80f6f8823f6b7fe02,1,27,2001,1
61d4dce80f6f8823f6b7fe03,2,27,2001,96
61d4dce80f6f8823f6b7fe04,1,28,2001,1
61d4dce80f6f8823f6b7fe05,2,28,2001,95
61d4dce80f6f8823f6b7fe06,1,29,2001,1
61d4dce80f6f8823f6b7fe07,2,29,2001,94
61d4dce80f6f8823f6b7fe08,1,30,2001,1
61d4dce80f6f8823f6b7fe09,2,30,2001,93
61d4dce80f6f8823f6b7fe0a,1,31,2001,1
61d4dce80f6f8823f6b7fe0b,2,31,2001,92
61d4dce80f6f8823f6b7fe0c,1,32,2001,1
61d4dce80f6f8823f6b7fe0d,2,32,2001,91
61d4dce80f6f8823f6b7fe0e,1,33,2001,1
61d4dce80f6f8823f6b7fe0f,2,33,2001,90
61d4dce80f6f8823f6b7fe10,1,34,2001,1
61d4dce80f6f8823f6b7fe11,1,34,1001,0
61d4dce80f6f8823f6b7fe12,2,34,2001,89
61d4dce80f6f8823f6b7fe13,0,35,1001,1
61d4dce80f6f8823f6b7fe14,1,35,2001,1
61d4dce80f6f8823f6b7fe15,2,35,2001,88
61d4dce80f6f8823f6b7fe16,1,36,2001,1
61d4dce80f6f8823f6b7fe17,2,36,2001,87
61d4dce80f6f8823f6b7fe18,1,37,2001,1
61d4dce80f6f8823f6b7fe19,2,37,2001,86
61d4dce80f6f8823f6b7fe1a,1,38,2001,1
61d4dce80f6f8823f6b7fe1b,2,38,2001,85
61d4dce80f6f8823f6b7fe1c,1,39,2001,1
61d4dce80f6f8823f6b7fe1d,2,39,2001,84
61d4dce80f6f8823f6b7fe1e,1,40,2001,1
61d4dce80f6f8823f6b7fe1f,2,40,2001,83
61d4dce80f6f8823f6b7fe20,1,41,2001,1
61d4dce80f6f8823f6b7fe21,2,41,2001,82
61d4dce80f6f8823f6b7fe22,1,42,2001,1
61d4dce80f6f8823f6b7fe23,2,42,2001,81
61d4dce80f6f8823f6b7fe24,1,43,2001,1
61d4dce80f6f8823f6b7fe25,2,43,2001,80
61d4dce90f6f8823f6b7fe26,1,44,2001,1
61d4dce90f6f8823f6b7fe27,2,44,2001,79
61d4dce90f6f8823f6b7fe28,1,45,2001,1
61d4dce90f6f8823f6b7fe29,2,45,2001,78
61d4dce90f6f8823f6b7fe2a,1,46,2001,1
61d4dce90f6f8823f6b7fe2b,2,46,2001,77
61d4dce90f6f8823f6b7fe2c,1,47,2001,1
61d4dce90f6f8823f6b7fe2d,2,47,2001,76
61d4dce90f6f8823f6b7fe2e,1,48,2001,1
61d4dce90f6f8823f6b7fe2f,2,48,2001,75
61d4dce90f6f8823f6b7fe30,1,49,2001,1
61d4dce90f6f8823f6b7fe31,2,49,2001,74
61d4dce90f6f8823f6b7fe32,1,50,2001,1
61d4dce90f6f8823f6b7fe33,2,50,2001,73
61d4dce90f6f8823f6b7fe34,1,51,2001,1
61d4dce90f6f8823f6b7fe35,2,51,2001,72
61d4dce90f6f8823f6b7fe36,1,52,2001,1
61d4dce90f6f8823f6b7fe37,2,52,2001,71
61d4dce90f6f8823f6b7fe38,1,53,2001,1
61d4dce90f6f8823f6b7fe39,2,53,2001,70
61d4dce90f6f8823f6b7fe3a,1,54,2001,1
61d4dce90f6f8823f6b7fe3b,2,54,2001,69
61d4dce90f6f8823f6b7fe3c,1,55,2001,1
61d4dce90f6f8823f6b7fe3d,2,55,2001,68
61d4dce90f6f8823f6b7fe3e,1,56,2001,1
61d4dce90f6f8823f6b7fe3f,2,56,2001,67
61d4dce90f6f8823f6b7fe40,1,57,2001,1
61d4dce90f6f8823f6b7fe41,2,57,2001,66
61d4dce90f6f8823f6b7fe42,1,58,2001,1
61d4dce90f6f8823f6b7fe43,2,58,2001,65
61d4dce90f6f8823f6b7fe44,1,59,2001,1
61d4dce90f6f8823f6b7fe45,2,59,2001,64
61d4dce90f6f8823f6b7fe46,1,60,2001,1
61d4dce90f6f8823f6b7fe47,2,60,2001,63
61d4dce90f6f8823f6b7fe48,1,61,2001,1
61d4dce90f6f8823f6b7fe49,2,61,2001,62
61d4dce90f6f8823f6b7fe4a,1,62,2001,1
61d4dce90f6f8823f6b7fe4b,2,62,2001,61
61d4dce90f6f8823f6b7fe4c,1,63,2001,1
61d4dce90f6f8823f6b7fe4d,2,63,2001,60
61d4dce90f6f8823f6b7fe4e,1,64,2001,1
61d4dce90f6f8823f6b7fe4f,2,64,2001,59
61d4dce90f6f8823f6b7fe50,1,65,2001,1
61d4dce90f6f8823f6b7fe51,2,65,2001,58
61d4dce90f6f8823f6b7fe52,1,66,2001,1
61d4dce90f6f8823f6b7fe53,2,66,2001,57
61d4dce90f6f8823f6b7fe54,1,67,2001,1
61d4dce90f6f8823f6b7fe55,2,67,2001,56
61d4dce90f6f8823f6b7fe56,1,68,2001,1
61d4dce90f6f8823f6b7fe57,2,68,2001,55
61d4dce90f6f8823f6b7fe58,1,69,2001,1
61d4dce90f6f8823f6b7fe59,2,69,2001,54
61d4dce90f6f8823f6b7fe5a,1,70,2001,1
61d4dce90f6f8823f6b7fe5b,2,70,2001,53
61d4dce90f6f8823f6b7fe5c,1,71,2001,1
61d4dce90f6f8823f6b7fe5d,2,71,2001,52
61d4dce90f6f8823f6b7fe5e,1,72,2001,1
61d4dce90f6f8823f6b7fe5f,2,72,2001,51
61d4dce90f6f8823f6b7fe60,1,73,2001,1
61d4dce90f6f8823f6b7fe61,2,73,2001,50
61d4dce90f6f8823f6b7fe62,1,74,2001,1
61d4dce90f6f8823f6b7fe63,2,74,2001,49
61d4dce90f6f8823f6b7fe64,1,75,2001,1
61d4dcea0f6f8823f6b7fe65,2,75,2001,48
61d4dcea0f6f8823f6b7fe66,1,76,2001,1
61d4dcea0f6f8823f6b7fe67,2,76,2001,47
61d4dcea0f6f8823f6b7fe68,1,77,2001,1
61d4dcea0f6f8823f6b7fe69,2,77,2001,46
61d4dcea0f6f8823f6b7fe6a,1,78,2001,1
61d4dcea0f6f8823f6b7fe6b,2,78,2001,45
61d4dcea0f6f8823f6b7fe6c,1,79,2001,1
61d4dcea0f6f8823f6b7fe6d,2,79,2001,44
61d4dcea0f6f8823f6b7fe6e,1,80,2001,1
61d4dcea0f6f8823f6b7fe6f,2,80,2001,43
61d4dcea0f6f8823f6b7fe70,1,81,2001,1
61d4dcea0f6f8823f6b7fe71,2,81,2001,42
61d4dcea0f6f8823f6b7fe72,1,82,2001,1
61d4dcea0f6f8823f6b7fe73,2,82,2001,41
61d4dcea0f6f8823f6b7fe74,1,83,2001,1
61d4dcea0f6f8823f6b7fe75,2,83,2001,40
61d4dcea0f6f8823f6b7fe76,1,84,2001,1
61d4dcea0f6f8823f6b7fe77,2,84,2001,39
61d4dcea0f6f8823f6b7fe78,1,85,2001,1
61d4dcea0f6f8823f6b7fe79,2,85,2001,38
61d4dcea0f6f8823f6b7fe7a,1,86,2001,1
61d4dcea0f6f8823f6b7fe7b,2,86,2001,37
61d4dcea0f6f8823f6b7fe7c,1,87,2001,1
61d4dcea0f6f8823f6b7fe7d,2,87,2001,36
61d4dcea0f6f8823f6b7fe7e,1,88,2001,1
61d4dcea0f6f8823f6b7fe7f,2,88,2001,35
61d4dcea0f6f8823f6b7fe80,1,89,2001,1
61d4dcea0f6f8823f6b7fe81,2,89,2001,34
61d4dcea0f6f8823f6b7fe82,1,90,2001,1
61d4dcea0f6f8823f6b7fe83,2,90,2001,33
61d4dcea0f6f8823f6b7fe84,1,91,2001,1
61d4dcea0f6f8823f6b7fe85,2,91,2001,32
61d4dcea0f6f8823f6b7fe86,1,92,2001,1
61d4dcea0f6f8823f6b7fe87,2,92,2001,31
61d4dcea0f6f8823f6b7fe88,1,93,2001,1
61d4dcea0f6f8823f6b7fe89,2,93,2001,30
61d4dcea0f6f8823f6b7fe8a,1,94,2001,1
61d4dcea0f6f8823f6b7fe8b,2,94,2001,29
61d4dcea0f6f8823f6b7fe8c,1,95,2001,1
61d4dcea0f6f8823f6b7fe8d,2,95,2001,28
61d4dcea0f6f8823f6b7fe8e,1,96,2001,1
61d4dcea0f6f8823f6b7fe8f,2,96,2001,27
61d4dcea0f6f8823f6b7fe90,1,97,2001,1
61d4dcea0f6f8823f6b7fe91,2,97,2001,26
61d4dcea0f6f8823f6b7fe92,1,98,2001,1
61d4dcea0f6f8823f6b7fe93,2,98,2001,25
61d4dcea0f6f8823f6b7fe94,1,99,2001,1
61d4dcea0f6f8823f6b7fe95,2,99,2001,24
61d4dcea0f6f8823f6b7fe96,1,100,2001,1
61d4dcea0f6f8823f6b7fe97,2,100,2001,23
61d4dcea0f6f8823f6b7fe98,1,101,2001,1
61d4dcea0f6f8823f6b7fe99,2,101,2001,22
61d4dcea0f6f8823f6b7fe9a,1,102,2001,1
61d4dcea0f6f8823f6b7fe9b,2,102,2001,21
61d4dcea0f6f8823f6b7fe9c,1,103,2001,1
61d4dcea0f6f8823f6b7fe9d,2,103,2001,20
61d4dcea0f6f8823f6b7fe9e,1,104,2001,1
61d4dceb0f6f8823f6b7fe9f,2,104,2001,19
61d4dceb0f6f8823f6b7fea0,1,105,2001,1
61d4dceb0f6f8823f6b7fea1,2,105,2001,18
61d4dceb0f6f8823f6b7fea2,1,106,2001,1
61d4dceb0f6f8823f6b7fea3,2,106,2001,17
61d4dceb0f6f8823f6b7fea4,1,107,2001,1
61d4dceb0f6f8823f6b7fea5,2,107,2001,16
61d4dceb0f6f8823f6b7fea6,1,108,2001,1
61d4dceb0f6f8823f6b7fea7,2,108,2001,15
61d4dceb0f6f8823f6b7fea8,1,109,2001,1
61d4dceb0f6f8823f6b7fea9,2,109,2001,14
61d4dceb0f6f8823f6b7feaa,1,110,2001,1
61d4dceb0f6f8823f6b7feab,2,110,2001,13
61d4dceb0f6f8823f6b7feac,1,111,2001,1
61d4dceb0f6f8823f6b7fead,2,111,2001,12
61d4dceb0f6f8823f6b7feae,1,112,2001,1
61d4dceb0f6f8823f6b7feaf,2,112,2001,11
61d4dceb0f6f8823f6b7feb0,1,113,2001,1
61d4dceb0f6f8823f6b7feb1,2,113,2001,10
61d4dceb0f6f8823f6b7feb2,1,114,2001,1
61d4dceb0f6f8823f6b7feb3,2,114,2001,9
61d4dceb0f6f8823f6b7feb4,1,115,2001,1
61d4dceb0f6f8823f6b7feb5,2,115,2001,8
61d4dceb0f6f8823f6b7feb6,1,116,2001,1
61d4dceb0f6f8823f6b7feb7,2,116,2001,7
61d4dceb0f6f8823f6b7feb8,1,117,2001,1
61d4dceb0f6f8823f6b7feb9,2,117,2001,6
61d4dceb0f6f8823f6b7feba,1,118,2001,1
61d4dceb0f6f8823f6b7febb,2,118,2001,5
61d4dceb0f6f8823f6b7febc,1,119,2001,1
61d4dceb0f6f8823f6b7febd,2,119,2001,4
61d4dceb0f6f8823f6b7febe,1,120,2001,1
61d4dceb0f6f8823f6b7febf,2,120,2001,3
61d4dceb0f6f8823f6b7fec0,1,121,2001,1
61d4dceb0f6f8823f6b7fec1,2,121,2001,2
61d4dceb0f6f8823f6b7fec2,3,121,3001,99
61d4dceb0f6f8823f6b7fec3,1,122,2001,1
61d4dceb0f6f8823f6b7fec4,2,122,3001,1
61d4dceb0f6f8823f6b7fec5,2,122,2001,1
61d4dceb0f6f8823f6b7fec6,3,122,3001,98
61d4dceb0f6f8823f6b7fec7,1,123,2001,1
61d4dceb0f6f8823f6b7fec8,2,123,3001,1
61d4dceb0f6f8823f6b7fec9,2,123,2001,0
61d4dceb0f6f8823f6b7feca,3,123,3001,97
61d4dceb0f6f8823f6b7fecb,1,124,2001,1
61d4dceb0f6f8823f6b7fecc,2,124,3001,1
61d4dceb0f6f8823f6b7fecd,3,124,3001,96
61d4dceb0f6f8823f6b7fece,2,125,3001,1
61d4dceb0f6f8823f6b7fecf,3,125,3001,95
61d4dceb0f6f8823f6b7fed0,2,126,3001,1
61d4dceb0f6f8823f6b7fed1,3,126,3001,94
61d4dceb0f6f8823f6b7fed2,2,127,3001,1
61d4dceb0f6f8823f6b7fed3,3,127,3001,93
61d4dcec0f6f8823f6b7fed4,2,128,3001,1
61d4dcec0f6f8823f6b7fed5,3,128,3001,92
61d4dcec0f6f8823f6b7fed6,2,129,3001,1
61d4dcec0f6f8823f6b7fed7,3,129,3001,91
61d4dcec0f6f8823f6b7fed8,2,130,3001,1
61d4dcec0f6f8823f6b7fed9,3,130,3001,90
61d4dcec0f6f8823f6b7feda,2,131,3001,1
61d4dcec0f6f8823f6b7fedb,3,131,3001,89
61d4dcec0f6f8823f6b7fedc,2,132,3001,1
61d4dcec0f6f8823f6b7fedd,3,132,3001,88
61d4dcec0f6f8823f6b7fede,2,133,3001,1
61d4dcec0f6f8823f6b7fedf,3,133,3001,87
61d4dcec0f6f8823f6b7fee0,2,134,3001,1
61d4dcec0f6f8823f6b7fee1,3,134,3001,86
61d4dcec0f6f8823f6b7fee2,2,135,3001,1
61d4dcec0f6f8823f6b7fee3,3,135,3001,85
61d4dcec0f6f8823f6b7fee4,2,136,3001,1
61d4dcec0f6f8823f6b7fee5,3,136,3001,84
61d4dcec0f6f8823f6b7fee6,2,137,3001,1
61d4dcec0f6f8823f6b7fee7,3,137,3001,83
61d4dcec0f6f8823f6b7fee8,2,138,3001,1
61d4dcec0f6f8823f6b7fee9,3,138,3001,82
61d4dcec0f6f8823f6b7feea,2,139,3001,1
61d4dcec0f6f8823f6b7feeb,3,139,3001,81
61d4dcec0f6f8823f6b7feec,2,140,3001,1
61d4dcec0f6f8823f6b7feed,3,140,3001,80
61d4dcec0f6f8823f6b7feee,2,141,3001,1
61d4dcec0f6f8823f6b7feef,3,141,3001,79
61d4dcec0f6f8823f6b7fef0,2,142,3001,1
61d4dcec0f6f8823f6b7fef1,3,142,3001,78
61d4dcec0f6f8823f6b7fef2,2,143,3001,1
61d4dcec0f6f8823f6b7fef3,3,143,3001,77
61d4dcec0f6f8823f6b7fef4,2,144,3001,1
61d4dcec0f6f8823f6b7fef5,3,144,3001,76
61d4dcec0f6f8823f6b7fef6,2,145,3001,1
61d4dcec0f6f8823f6b7fef7,3,145,3001,75
61d4dcec0f6f8823f6b7fef8,2,146,3001,1
61d4dcec0f6f8823f6b7fef9,3,146,3001,74
61d4dcec0f6f8823f6b7fefa,2,147,3001,1
61d4dcec0f6f8823f6b7fefb,3,147,3001,73
61d4dcec0f6f8823f6b7fefc,2,148,3001,1
61d4dcec0f6f8823f6b7fefd,3,148,3001,72
61d4dcec0f6f8823f6b7fefe,2,149,3001,1
61d4dcec0f6f8823f6b7feff,3,149,3001,71
61d4dcec0f6f8823f6b7ff00,2,150,3001,1
61d4dcec0f6f8823f6b7ff01,3,150,3001,70
61d4dcec0f6f8823f6b7ff02,2,151,3001,1
61d4dcec0f6f8823f6b7ff03,3,151,3001,69
61d4dced0f6f8823f6b7ff04,2,152,3001,1
61d4dced0f6f8823f6b7ff05,3,152,3001,68
61d4dced0f6f8823f6b7ff06,2,153,3001,1
61d4dced0f6f8823f6b7ff07,3,153,3001,67
61d4dced0f6f8823f6b7ff08,2,154,3001,1
61d4dced0f6f8823f6b7ff09,3,154,3001,66
61d4dced0f6f8823f6b7ff0a,2,155,3001,1
61d4dced0f6f8823f6b7ff0b,3,155,3001,65
61d4dced0f6f8823f6b7ff0c,2,156,3001,1
61d4dced0f6f8823f6b7ff0d,3,156,3001,64
61d4dced0f6f8823f6b7ff0e,2,157,3001,1
61d4dced0f6f8823f6b7ff0f,3,157,3001,63
61d4dced0f6f8823f6b7ff10,2,158,3001,1
61d4dced0f6f8823f6b7ff11,3,158,3001,62
61d4dced0f6f8823f6b7ff12,2,159,3001,1
61d4dced0f6f8823f6b7ff13,3,159,3001,61
61d4dced0f6f8823f6b7ff14,2,160,3001,1
61d4dced0f6f8823f6b7ff15,3,160,3001,60
61d4dced0f6f8823f6b7ff16,2,161,3001,1
61d4dced0f6f8823f6b7ff17,3,161,3001,59
61d4dced0f6f8823f6b7ff18,2,162,3001,1
61d4dced0f6f8823f6b7ff19,3,162,3001,58
61d4dced0f6f8823f6b7ff1a,2,163,3001,1
61d4dced0f6f8823f6b7ff1b,3,163,3001,57
61d4dced0f6f8823f6b7ff1c,2,164,3001,1
61d4dced0f6f8823f6b7ff1d,3,164,3001,56
61d4dced0f6f8823f6b7ff1e,2,165,3001,1
61d4dced0f6f8823f6b7ff1f,3,165,3001,55
61d4dced0f6f8823f6b7ff20,2,166,3001,1
61d4dced0f6f8823f6b7ff21,3,166,3001,54
61d4dced0f6f8823f6b7ff22,2,167,3001,1
61d4dced0f6f8823f6b7ff23,3,167,3001,53
61d4dced0f6f8823f6b7ff24,2,168,3001,1
61d4dced0f6f8823f6b7ff25,3,168,3001,52
61d4dced0f6f8823f6b7ff26,2,169,3001,1
61d4dced0f6f8823f6b7ff27,3,169,3001,51
61d4dced0f6f8823f6b7ff28,2,170,3001,1
61d4dced0f6f8823f6b7ff29,3,170,3001,50
61d4dced0f6f8823f6b7ff2a,2,171,3001,1
61d4dced0f6f8823f6b7ff2b,3,171,3001,49
61d4dcee0f6f8823f6b7ff2c,2,172,3001,1
61d4dcee0f6f8823f6b7ff2d,3,172,3001,48
61d4dcee0f6f8823f6b7ff2e,2,173,3001,1
61d4dcee0f6f8823f6b7ff2f,3,173,3001,47
61d4dcee0f6f8823f6b7ff30,2,174,3001,1
61d4dcee0f6f8823f6b7ff31,3,174,3001,46
61d4dcee0f6f8823f6b7ff32,2,175,3001,1
61d4dcee0f6f8823f6b7ff33,3,175,3001,45
61d4dcee0f6f8823f6b7ff34,2,176,3001,1
61d4dcee0f6f8823f6b7ff35,3,176,3001,44
61d4dcee0f6f8823f6b7ff36,2,177,3001,1
61d4dcee0f6f8823f6b7ff37,3,177,3001,43
61d4dcee0f6f8823f6b7ff38,2,178,3001,1
61d4dcee0f6f8823f6b7ff39,3,178,3001,42
61d4dcee0f6f8823f6b7ff3a,2,179,3001,1
61d4dcee0f6f8823f6b7ff3b,3,179,3001,41
61d4dcee0f6f8823f6b7ff3c,2,180,3001,1
61d4dcee0f6f8823f6b7ff3d,3,180,3001,40
61d4dcee0f6f8823f6b7ff3e,2,181,3001,1
61d4dcee0f6f8823f6b7ff3f,3,181,3001,39
61d4dcee0f6f8823f6b7ff40,2,182,3001,1
61d4dcee0f6f8823f6b7ff41,3,182,3001,38
61d4dcee0f6f8823f6b7ff42,2,183,3001,1
61d4dcee0f6f8823f6b7ff43,3,183,3001,37
61d4dcee0f6f8823f6b7ff44,2,184,3001,1
61d4dcee0f6f8823f6b7ff45,3,184,3001,36
61d4dcee0f6f8823f6b7ff46,2,185,3001,1
61d4dcee0f6f8823f6b7ff47,3,185,3001,35
61d4dcee0f6f8823f6b7ff48,2,186,3001,1
61d4dcee0f6f8823f6b7ff49,3,186,3001,34
61d4dcee0f6f8823f6b7ff4a,2,187,3001,1
61d4dcee0f6f8823f6b7ff4b,3,187,3001,33
61d4dcee0f6f8823f6b7ff4c,2,188,3001,1
61d4dcee0f6f8823f6b7ff4d,3,188,3001,32
61d4dcee0f6f8823f6b7ff4e,2,189,3001,1
61d4dcee0f6f8823f6b7ff4f,3,189,3001,31
61d4dcee0f6f8823f6b7ff50,2,190,3001,1
61d4dcee0f6f8823f6b7ff51,3,190,3001,30
61d4dcef0f6f8823f6b7ff52,2,191,3001,1
61d4dcef0f6f8823f6b7ff53,3,191,3001,29
61d4dcef0f6f8823f6b7ff54,2,192,3001,1
61d4dcef0f6f8823f6b7ff55,3,192,3001,28
61d4dcef0f6f8823f6b7ff56,2,193,3001,1
61d4dcef0f6f8823f6b7ff57,3,193,3001,27
61d4dcef0f6f8823f6b7ff58,2,194,3001,1
61d4dcef0f6f8823f6b7ff59,3,194,3001,26
61d4dcef0f6f8823f6b7ff5a,2,195,3001,1
61d4dcef0f6f8823f6b7ff5b,3,195,3001,25
61d4dcef0f6f8823f6b7ff5c,2,196,3001,1
61d4dcef0f6f8823f6b7ff5d,3,196,3001,24
61d4dcef0f6f8823f6b7ff5e,2,197,3001,1
61d4dcef0f6f8823f6b7ff5f,3,197,3001,23
61d4dcef0f6f8823f6b7ff60,2,198,3001,1
61d4dcef0f6f8823f6b7ff61,3,198,3001,22
61d4dcef0f6f8823f6b7ff62,2,199,3001,1
61d4dcef0f6f8823f6b7ff63,3,199,3001,21
61d4dcef0f6f8823f6b7ff64,2,200,3001,1
61d4dcef0f6f8823f6b7ff65,3,200,3001,20
61d4dcef0f6f8823f6b7ff66,2,201,3001,1
61d4dcef0f6f8823f6b7ff67,3,201,3001,19
61d4dcef0f6f8823f6b7ff68,2,202,3001,1
61d4dcef0f6f8823f6b7ff69,3,202,3001,18
61d4dcef0f6f8823f6b7ff6a,2,203,3001,1
61d4dcef0f6f8823f6b7ff6b,3,203,3001,17
61d4dcef0f6f8823f6b7ff6c,2,204,3001,1
61d4dcef0f6f8823f6b7ff6d,3,204,3001,16
61d4dcef0f6f8823f6b7ff6e,2,205,3001,1
61d4dcef0f6f8823f6b7ff6f,3,205,3001,15
61d4dcef0f6f8823f6b7ff70,2,206,3001,1
61d4dcef0f6f8823f6b7ff71,3,206,3001,14
61d4dcf00f6f8823f6b7ff72,2,207,3001,1
61d4dcf00f6f8823f6b7ff73,3,207,3001,13
61d4dcf00f6f8823f6b7ff74,2,208,3001,1
61d4dcf00f6f8823f6b7ff75,3,208,3001,12
61d4dcf00f6f8823f6b7ff76,2,209,3001,1
61d4dcf00f6f8823f6b7ff77,3,209,3001,11
61d4dcf00f6f8823f6b7ff78,2,210,3001,1
61d4dcf00f6f8823f6b7ff79,3,210,3001,10
61d4dcf00f6f8823f6b7ff7a,2,211,3001,1
61d4dcf00f6f8823f6b7ff7b,3,211,3001,9
61d4dcf00f6f8823f6b7ff7c,2,212,3001,1
61d4dcf00f6f8823f6b7ff7d,3,212,3001,8
61d4dcf00f6f8823f6b7ff7e,2,213,3001,1
61d4dcf00f6f8823f6b7ff7f,3,213,3001,7
61d4dcf00f6f8823f6b7ff80,2,214,3001,1
61d4dcf00f6f8823f6b7ff81,3,214,3001,6
61d4dcf00f6f8823f6b7ff82,2,215,3001,1
61d4dcf00f6f8823f6b7ff83,3,215,3001,5
61d4dcf00f6f8823f6b7ff84,2,216,3001,1
61d4dcf00f6f8823f6b7ff85,3,216,3001,4
61d4dcf00f6f8823f6b7ff86,2,217,3001,1
61d4dcf00f6f8823f6b7ff87,3,217,3001,3
61d4dcf00f6f8823f6b7ff88,2,218,3001,1
61d4dcf00f6f8823f6b7ff89,3,218,3001,2
61d4dcf00f6f8823f6b7ff8a,4,218,4001,99
61d4dcf00f6f8823f6b7ff8b,2,219,3001,1
61d4dcf00f6f8823f6b7ff8c,3,219,4001,1
61d4dcf00f6f8823f6b7ff8d,3,219,3001,1
61d4dcf00f6f8823f6b7ff8e,4,219,4001,98
61d4dcf00f6f8823f6b7ff8f,2,220,3001,1
61d4dcf00f6f8823f6b7ff90,3,220,4001,1
61d4dcf00f6f8823f6b7ff91,3,220,3001,0
61d4dcf00f6f8823f6b7ff92,4,220,4001,97
61d4dcf00f6f8823f6b7ff93,2,221,3001,1
61d4dcf00f6f8823f6b7ff94,3,221,4001,1
61d4dcf00f6f8823f6b7ff95,4,221,4001,96
61d4dcf10f6f8823f6b7ff96,3,222,4001,1
61d4dcf10f6f8823f6b7ff97,4,222,4001,95
61d4dcf10f6f8823f6b7ff98,3,223,4001,1
61d4dcf10f6f8823f6b7ff99,4,223,4001,94
61d4dcf10f6f8823f6b7ff9a,3,224,4001,1
61d4dcf10f6f8823f6b7ff9b,4,224,4001,93
61d4dcf10f6f8823f6b7ff9c,3,225,4001,1
61d4dcf10f6f8823f6b7ff9d,4,225,4001,92
61d4dcf10f6f8823f6b7ff9e,3,226,4001,1
61d4dcf10f6f8823f6b7ff9f,4,226,4001,91
61d4dcf10f6f8823f6b7ffa0,3,227,4001,1
61d4dcf10f6f8823f6b7ffa1,4,227,4001,90
61d4dcf10f6f8823f6b7ffa2,3,228,4001,1
61d4dcf10f6f8823f6b7ffa3,4,228,4001,89
61d4dcf10f6f8823f6b7ffa4,3,229,4001,1
61d4dcf10f6f8823f6b7ffa5,4,229,4001,88
61d4dcf10f6f8823f6b7ffa6,3,230,4001,1
61d4dcf10f6f8823f6b7ffa7,4,230,4001,87
61d4dcf10f6f8823f6b7ffa8,3,231,4001,1
61d4dcf10f6f8823f6b7ffa9,4,231,4001,86
61d4dcf10f6f8823f6b7ffaa,3,232,4001,1
61d4dcf10f6f8823f6b7ffab,4,232,4001,85
61d4dcf10f6f8823f6b7ffac,3,233,4001,1
61d4dcf10f6f8823f6b7ffad,4,233,4001,84
61d4dcf10f6f8823f6b7ffae,3,234,4001,1
61d4dcf10f6f8823f6b7ffaf,4,234,4001,83
61d4dcf10f6f8823f6b7ffb0,3,235,4001,1
61d4dcf10f6f8823f6b7ffb1,4,235,4001,82
61d4dcf20f6f8823f6b7ffb2,3,236,4001,1
61d4dcf20f6f8823f6b7ffb3,4,236,4001,81
61d4dcf20f6f8823f6b7ffb4,3,237,4001,1
61d4dcf20f6f8823f6b7ffb5,4,237,4001,80
61d4dcf20f6f8823f6b7ffb6,3,238,4001,1
61d4dcf20f6f8823f6b7ffb7,4,238,4001,79
61d4dcf20f6f8823f6b7ffb8,3,239,4001,1
61d4dcf20f6f8823f6b7ffb9,4,239,4001,78
61d4dcf20f6f8823f6b7ffba,3,240,4001,1
61d4dcf20f6f8823f6b7ffbb,4,240,4001,77
61d4dcf20f6f8823f6b7ffbc,3,241,4001,1
61d4dcf20f6f8823f6b7ffbd,4,241,4001,76
61d4dcf20f6f8823f6b7ffbe,3,242,4001,1
61d4dcf20f6f8823f6b7ffbf,4,242,4001,75
61d4dcf20f6f8823f6b7ffc0,3,243,4001,1
61d4dcf20f6f8823f6b7ffc1,4,243,4001,74
61d4dcf20f6f8823f6b7ffc2,3,244,4001,1
61d4dcf20f6f8823f6b7ffc3,4,244,4001,73
61d4dcf20f6f8823f6b7ffc4,3,245,4001,1
61d4dcf20f6f8823f6b7ffc5,4,245,4001,72
61d4dcf20f6f8823f6b7ffc6,3,246,4001,1
61d4dcf20f6f8823f6b7ffc7,4,246,4001,71
61d4dcf20f6f8823f6b7ffc8,3,247,4001,1
61d4dcf20f6f8823f6b7ffc9,4,247,4001,70
61d4dcf20f6f8823f6b7ffca,3,248,4001,1
61d4dcf20f6f8823f6b7ffcb,4,248,4001,69
61d4dcf30f6f8823f6b7ffcc,3,249,4001,1
61d4dcf30f6f8823f6b7ffcd,4,249,4001,68
61d4dcf30f6f8823f6b7ffce,3,250,4001,1
61d4dcf30f6f8823f6b7ffcf,4,250,4001,67
61d4dcf30f6f8823f6b7ffd0,3,251,4001,1
61d4dcf30f6f8823f6b7ffd1,4,251,4001,66
61d4dcf30f6f8823f6b7ffd2,3,252,4001,1
61d4dcf30f6f8823f6b7ffd3,4,252,4001,65
61d4dcf30f6f8823f6b7ffd4,3,253,4001,1
61d4dcf30f6f8823f6b7ffd5,4,253,4001,64
61d4dcf30f6f8823f6b7ffd6,3,254,4001,1
61d4dcf30f6f8823f6b7ffd7,4,254,4001,63
61d4dcf30f6f8823f6b7ffd8,3,255,4001,1
61d4dcf30f6f8823f6b7ffd9,4,255,4001,62
61d4dcf30f6f8823f6b7ffda,3,256,4001,1
61d4dcf30f6f8823f6b7ffdb,4,256,4001,61
61d4dcf30f6f8823f6b7ffdc,3,257,4001,1
61d4dcf30f6f8823f6b7ffdd,4,257,4001,60
61d4dcf30f6f8823f6b7ffde,3,258,4001,1
61d4dcf30f6f8823f6b7ffdf,4,258,4001,59
61d4dcf30f6f8823f6b7ffe0,3,259,4001,1
61d4dcf30f6f8823f6b7ffe1,4,259,4001,58
61d4dcf40f6f8823f6b7ffe2,3,260,4001,1
61d4dcf40f6f8823f6b7ffe3,4,260,4001,57
61d4dcf40f6f8823f6b7ffe4,3,261,4001,1
61d4dcf40f6f8823f6b7ffe5,4,261,4001,56
61d4dcf40f6f8823f6b7ffe6,3,262,4001,1
61d4dcf40f6f8823f6b7ffe7,4,262,4001,55
61d4dcf40f6f8823f6b7ffe8,3,263,4001,1
61d4dcf40f6f8823f6b7ffe9,4,263,4001,54
61d4dcf40f6f8823f6b7ffea,3,264,4001,1
61d4dcf40f6f8823f6b7ffeb,4,264,4001,53
61d4dcf40f6f8823f6b7ffec,3,265,4001,1
61d4dcf40f6f8823f6b7ffed,4,265,4001,52
61d4dcf40f6f8823f6b7ffee,3,266,4001,1
61d4dcf40f6f8823f6b7ffef,4,266,4001,51
61d4dcf40f6f8823f6b7fff0,3,267,4001,1
61d4dcf40f6f8823f6b7fff1,4,267,4001,50
61d4dcf40f6f8823f6b7fff2,3,268,4001,1
61d4dcf40f6f8823f6b7fff3,4,268,4001,49
61d4dcf40f6f8823f6b7fff4,3,269,4001,1
61d4dcf40f6f8823f6b7fff5,4,269,4001,48
61d4dcf40f6f8823f6b7fff6,3,270,4001,1
61d4dcf40f6f8823f6b7fff7,4,270,4001,47
61d4dcf40f6f8823f6b7fff8,3,271,4001,1
61d4dcf50f6f8823f6b7fff9,4,271,4001,46
61d4dcf50f6f8823f6b7fffa,3,272,4001,1
61d4dcf50f6f8823f6b7fffb,4,272,4001,45
61d4dcf50f6f8823f6b7fffc,3,273,4001,1
61d4dcf50f6f8823f6b7fffd,4,273,4001,44
61d4dcf50f6f8823f6b7fffe,3,274,4001,1
61d4dcf50f6f8823f6b7ffff,4,274,4001,43
61d4dcf50f6f8823f6b80000,3,275,4001,1
61d4dcf50f6f8823f6b80001,4,275,4001,42
61d4dcf50f6f8823f6b80002,3,276,4001,1
61d4dcf50f6f8823f6b80003,4,276,4001,41
61d4dcf50f6f8823f6b80004,3,277,4001,1
61d4dcf50f6f8823f6b80005,4,277,4001,40
61d4dcf50f6f8823f6b80006,3,278,4001,1
61d4dcf50f6f8823f6b80007,4,278,4001,39
61d4dcf50f6f8823f6b80008,3,279,4001,1
61d4dcf50f6f8823f6b80009,4,279,4001,38
61d4dcf50f6f8823f6b8000a,3,280,4001,1
61d4dcf50f6f8823f6b8000b,4,280,4001,37
61d4dcf50f6f8823f6b8000c,3,281,4001,1
61d4dcf50f6f8823f6b8000d,4,281,4001,36
61d4dcf60f6f8823f6b8000e,3,282,4001,1
61d4dcf60f6f8823f6b8000f,4,282,4001,35
61d4dcf60f6f8823f6b80010,3,283,4001,1
61d4dcf60f6f8823f6b80011,4,283,4001,34
61d4dcf60f6f8823f6b80012,3,284,4001,1
61d4dcf60f6f8823f6b80013,4,284,4001,33
61d4dcf60f6f8823f6b80014,3,285,4001,1
61d4dcf60f6f8823f6b80015,4,285,4001,32
61d4dcf60f6f8823f6b80016,3,286,4001,1
61d4dcf60f6f8823f6b80017,4,286,4001,31
61d4dcf60f6f8823f6b80018,3,287,4001,1
61d4dcf60f6f8823f6b80019,4,287,4001,30
61d4dcf60f6f8823f6b8001a,3,288,4001,1
61d4dcf60f6f8823f6b8001b,4,288,4001,29
61d4dcf60f6f8823f6b8001c,3,289,4001,1
61d4dcf60f6f8823f6b8001d,4,289,4001,28
61d4dcf60f6f8823f6b8001e,3,290,4001,1
61d4dcf60f6f8823f6b8001f,4,290,4001,27
61d4dcf60f6f8823f6b80020,3,291,4001,1
61d4dcf60f6f8823f6b80021,4,291,4001,26
61d4dcf70f6f8823f6b80022,3,292,4001,1
61d4dcf70f6f8823f6b80023,4,292,4001,25
61d4dcf70f6f8823f6b80024,3,293,4001,1
61d4dcf70f6f8823f6b80025,4,293,4001,24
61d4dcf70f6f8823f6b80026,3,294,4001,1
61d4dcf70f6f8823f6b80027,4,294,4001,23
61d4dcf70f6f8823f6b80028,3,295,4001,1
61d4dcf70f6f8823f6b80029,4,295,4001,22
61d4dcf70f6f8823f6b8002a,3,296,4001,1
61d4dcf70f6f8823f6b8002b,4,296,4001,21
61d4dcf70f6f8823f6b8002c,3,297,4001,1
61d4dcf70f6f8823f6b8002d,4,297,4001,20
61d4dcf70f6f8823f6b8002e,3,298,4001,1
61d4dcf70f6f8823f6b8002f,4,298,4001,19
61d4dcf70f6f8823f6b80030,3,299,4001,1
61d4dcf70f6f8823f6b80031,4,299,4001,18
61d4dcf70f6f8823f6b80032,3,300,4001,1
61d4dcf70f6f8823f6b80033,4,300,4001,17
61d4dcf70f6f8823f6b80034,3,301,4001,1
61d4dcf70f6f8823f6b80035,4,301,4001,16
61d4dcf80f6f8823f6b80036,3,302,4001,1
61d4dcf80f6f8823f6b80037,4,302,4001,15
61d4dcf80f6f8823f6b80038,3,303,4001,1
61d4dcf80f6f8823f6b80039,4,303,4001,14
61d4dcf80f6f8823f6b8003a,3,304,4001,1
61d4dcf80f6f8823f6b8003b,4,304,4001,13
61d4dcf80f6f8823f6b8003c,3,305,4001,1
61d4dcf80f6f8823f6b8003d,4,305,4001,12
61d4dcf80f6f8823f6b8003e,3,306,4001,1
61d4dcf80f6f8823f6b8003f,4,306,4001,11
61d4dcf80f6f8823f6b80040,3,307,4001,1
61d4dcf80f6f8823f6b80041,4,307,4001,10
61d4dcf80f6f8823f6b80042,3,308,4001,1
61d4dcf80f6f8823f6b80043,4,308,4001,9
61d4dcf80f6f8823f6b80044,3,309,4001,1
61d4dcf80f6f8823f6b80045,4,309,4001,8
61d4dcf80f6f8823f6b80046,3,310,4001,1
61d4dcf80f6f8823f6b80047,4,310,4001,7
61d4dcf80f6f8823f6b80048,3,311,4001,1
61d4dcf80f6f8823f6b80049,4,311,4001,6
61d4dcf90f6f8823f6b8004a,3,312,4001,1
61d4dcf90f6f8823f6b8004b,4,312,4001,5
61d4dcf90f6f8823f6b8004c,3,313,4001,1
61d4dcf90f6f8823f6b8004d,4,313,4001,4
61d4dcf90f6f8823f6b8004e,3,314,4001,1
61d4dcf90f6f8823f6b8004f,4,314,4001,3
61d4dcf90f6f8823f6b80050,3,315,4001,1
61d4dcf90f6f8823f6b80051,4,315,4001,2
61d4dcf90f6f8823f6b80052,5,315,5001,99998
61d4dcf90f6f8823f6b80053,3,316,4001,1
61d4dcf90f6f8823f6b80054,4,316,5001,1
61d4dcf90f6f8823f6b80055,4,316,4001,1
61d4dcf90f6f8823f6b80056,5,316,5001,99997
61d4dcf90f6f8823f6b80057,3,317,4001,1
61d4dcf90f6f8823f6b80058,4,317,5001,1
61d4dcf90f6f8823f6b80059,4,317,4001,0
61d4dcf90f6f8823f6b8005a,5,317,5001,99996
61d4dcf90f6f8823f6b8005b,3,318,4001,1
61d4dcf90f6f8823f6b8005c,4,318,5001,1
61d4dcf90f6f8823f6b8005d,5,318,5001,99995
61d4dcf90f6f8823f6b8005e,4,319,5001,1
61d4dcf90f6f8823f6b8005f,5,319,5001,99994
61d4dcf90f6f8823f6b80060,4,320,5001,1
61d4dcfa0f6f8823f6b80061,5,320,5001,99993
61d4dcfa0f6f8823f6b80062,4,321,5001,1
61d4dcfa0f6f8823f6b80063,5,321,5001,99992
61d4dcfa0f6f8823f6b80064,4,322,5001,1
61d4dcfa0f6f8823f6b80065,5,322,5001,99991
61d4dcfa0f6f8823f6b80066,4,323,5001,1
61d4dcfa0f6f8823f6b80067,5,323,5001,99990
61d4dcfa0f6f8823f6b80068,4,324,5001,1
61d4dcfa0f6f8823f6b80069,5,324,5001,99989
61d4dcfa0f6f8823f6b8006a,4,325,5001,1
61d4dcfa0f6f8823f6b8006b,5,325,5001,99988
61d4dcfa0f6f8823f6b8006c,4,326,5001,1
61d4dcfa0f6f8823f6b8006d,5,326,5001,99987
61d4dcfa0f6f8823f6b8006e,4,327,5001,1
61d4dcfa0f6f8823f6b8006f,5,327,5001,99986
61d4dcfa0f6f8823f6b80070,4,328,5001,1
61d4dcfa0f6f8823f6b80071,5,328,5001,99985
61d4dcfb0f6f8823f6b80072,4,329,5001,1
61d4dcfb0f6f8823f6b80073,5,329,5001,99984
61d4dcfb0f6f8823f6b80074,4,330,5001,1
61d4dcfb0f6f8823f6b80075,5,330,5001,99983
61d4dcfb0f6f8823f6b80076,4,331,5001,1
61d4dcfb0f6f8823f6b80077,5,331,5001,99982
61d4dcfb0f6f8823f6b80078,4,332,5001,1
61d4dcfb0f6f8823f6b80079,5,332,5001,99981
61d4dcfb0f6f8823f6b8007a,4,333,5001,1
61d4dcfb0f6f8823f6b8007b,5,333,5001,99980
61d4dcfb0f6f8823f6b8007c,4,334,5001,1
61d4dcfb0f6f8823f6b8007d,5,334,5001,99979
61d4dcfb0f6f8823f6b8007e,4,335,5001,1
61d4dcfb0f6f8823f6b8007f,5,335,5001,99978
61d4dcfb0f6f8823f6b80080,4,336,5001,1
61d4dcfb0f6f8823f6b80081,5,336,5001,99977
61d4dcfc0f6f8823f6b80082,4,337,5001,1
61d4dcfc0f6f8823f6b80083,5,337,5001,99976
61d4dcfc0f6f8823f6b80084,4,338,5001,1
61d4dcfc0f6f8823f6b80085,5,338,5001,99975
61d4dcfc0f6f8823f6b80086,4,339,5001,1
61d4dcfc0f6f8823f6b80087,5,339,5001,99974
61d4dcfc0f6f8823f6b80088,4,340,5001,1
61d4dcfc0f6f8823f6b80089,5,340,5001,99973
61d4dcfc0f6f8823f6b8008a,4,341,5001,1
61d4dcfc0f6f8823f6b8008b,5,341,5001,99972
61d4dcfc0f6f8823f6b8008c,4,342,5001,1
61d4dcfc0f6f8823f6b8008d,5,342,5001,99971
61d4dcfc0f6f8823f6b8008e,4,343,5001,1
61d4dcfc0f6f8823f6b8008f,5,343,5001,99970
61d4dcfc0f6f8823f6b80090,4,344,5001,1
61d4dcfc0f6f8823f6b80091,5,344,5001,99969
61d4dcfd0f6f8823f6b80092,4,345,5001,1
61d4dcfd0f6f8823f6b80093,5,345,5001,99968
61d4dcfd0f6f8823f6b80094,4,346,5001,1
61d4dcfd0f6f8823f6b80095,5,346,5001,99967
61d4dcfd0f6f8823f6b80096,4,347,5001,1
61d4dcfd0f6f8823f6b80097,5,347,5001,99966
61d4dcfd0f6f8823f6b80098,4,348,5001,1
61d4dcfd0f6f8823f6b80099,5,348,5001,99965
61d4dcfd0f6f8823f6b8009a,4,349,5001,1
61d4dcfd0f6f8823f6b8009b,5,349,5001,99964
61d4dcfd0f6f8823f6b8009c,4,350,5001,1
61d4dcfd0f6f8823f6b8009d,5,350,5001,99963
61d4dcfd0f6f8823f6b8009e,4,351,5001,1
61d4dcfd0f6f8823f6b8009f,5,351,5001,99962
61d4dcfe0f6f8823f6b800a0,4,352,5001,1
61d4dcfe0f6f8823f6b800a1,5,352,5001,99961
61d4dcfe0f6f8823f6b800a2,4,353,5001,1
61d4dcfe0f6f8823f6b800a3,5,353,5001,99960
61d4dcfe0f6f8823f6b800a4,4,354,5001,1
61d4dcfe0f6f8823f6b800a5,5,354,5001,99959
61d4dcfe0f6f8823f6b800a6,4,355,5001,1
61d4dcfe0f6f8823f6b800a7,5,355,5001,99958
61d4dcfe0f6f8823f6b800a8,4,356,5001,1
61d4dcfe0f6f8823f6b800a9,5,356,5001,99957
61d4dcfe0f6f8823f6b800aa,4,357,5001,1
61d4dcfe0f6f8823f6b800ab,5,357,5001,99956
61d4dcfe0f6f8823f6b800ac,4,358,5001,1
61d4dcfe0f6f8823f6b800ad,5,358,5001,99955
61d4dcfe0f6f8823f6b800ae,4,359,5001,1
61d4dcfe0f6f8823f6b800af,5,359,5001,99954
61d4dcff0f6f8823f6b800b0,4,360,5001,1
61d4dcff0f6f8823f6b800b1,5,360,5001,99953
61d4dcff0f6f8823f6b800b2,4,361,5001,1
61d4dcff0f6f8823f6b800b3,5,361,5001,99952
61d4dcff0f6f8823f6b800b4,4,362,5001,1
61d4dcff0f6f8823f6b800b5,5,362,5001,99951
61d4dcff0f6f8823f6b800b6,4,363,5001,1
61d4dcff0f6f8823f6b800b7,5,363,5001,99950
61d4dcff0f6f8823f6b800b8,4,364,5001,1
61d4dcff0f6f8823f6b800b9,5,364,5001,99949
61d4dcff0f6f8823f6b800ba,4,365,5001,1
61d4dcff0f6f8823f6b800bb,5,365,5001,99948