_id,actor_id,product,quantity,last_update
631677a48074c96885f511e4,1,1001,13648,1
631677a48074c96885f511e5,2,2001,13648,1
631677a48074c96885f511e6,3,3001,13648,1
631677a48074c96885f511e7,4,4001,13648,1
631677a48074c96885f511e8,5,5001,9999999999,1
631677a48074c96885f511e9,0,0,0,1
631677a48074c96885f511eb,1,1001,2815,1
631677a48074c96885f511f5,2,2001,2815,2
631677a48074c96885f511f9,3,3001,2815,2
631677a48074c96885f511fd,4,4001,2815,2
631677a48074c96885f51201,5,5001,9999989166,2
631677a48074c96885f51204,5,5001,9999978333,2
631677a48074c96885f51206,5,5001,9999967500,2
631677a48074c96885f51209,5,5001,9999956667,2
631677a48074c96885f51215,5,5001,9999945834,3
631677a48074c96885f51218,5,5001,9999935001,3
631677a48074c96885f5121a,5,5001,9999891669,3
631677a48074c96885f5121d,5,5001,9999848337,3
631677a48074c96885f51229,5,5001,9999837504,4
631677a58074c96885f5122c,5,5001,9999826671,4
631677a58074c96885f5122e,5,5001,9999783339,4
631677a58074c96885f51231,5,5001,9999740007,4
631677a58074c96885f5123d,5,5001,9999729174,5
631677a58074c96885f51240,5,5001,9999718341,5
631677a58074c96885f51242,5,5001,9999675009,5
631677a58074c96885f51245,5,5001,9999631677,5
631677a58074c96885f51251,5,5001,9999620844,6
631677a58074c96885f51254,5,5001,9999610011,6
631677a58074c96885f51256,5,5001,9999566679,6
631677a58074c96885f51259,5,5001,9999523347,6
631677a58074c96885f5125c,0,1001,10833,7
631677a58074c96885f5125d,0,1001,10833,7
631677a58074c96885f51268,5,5001,9999512514,7
631677a58074c96885f5126b,5,5001,9999501681,7
631677a58074c96885f5126d,5,5001,9999458349,7
631677a58074c96885f51270,5,5001,9999415017,7
631677a58074c96885f5127c,5,5001,9999404184,8
631677a58074c96885f5127f,5,5001,9999393351,8
631677a58074c96885f51281,5,5001,9999350019,8
631677a58074c96885f51284,5,5001,9999306687,8
631677a58074c96885f5128d,2,3001,10833,9
631677a58074c96885f5128e,2,3001,10833,9
631677a58074c96885f51291,3,4001,10833,9
631677a58074c96885f51292,3,4001,10833,9
631677a58074c96885f51295,4,5001,10833,9
631677a58074c96885f51296,4,5001,10833,9
631677a58074c96885f51299,5,5001,9999295854,9
631677a58074c96885f5129c,5,5001,9999285021,9
631677a58074c96885f5129e,5,5001,9999241689,9
631677a58074c96885f512a1,5,5001,9999198357,9
631677a58074c96885f512ac,4,5001,21666,10
631677a58074c96885f512ad,4,5001,21666,10
631677a58074c96885f512b0,5,5001,9999186056,10
631677a58074c96885f512b3,5,5001,9999173755,10
631677a58074c96885f512b5,5,5001,9999124551,10
631677a58074c96885f512b8,5,5001,9999075347,10
631677a58074c96885f512bc,1,2001,10833,11
631677a58074c96885f512bd,1,2001,10833,11
631677a68074c96885f512c6,4,5001,32499,11
631677a68074c96885f512c7,4,5001,32499,11
631677a68074c96885f512ca,5,5001,9999063046,11
631677a68074c96885f512cd,5,5001,9999050745,11
631677a68074c96885f512cf,5,5001,9999001541,11
631677a68074c96885f512d2,5,5001,9998952337,11
631677a68074c96885f512dd,4,5001,43332,12
631677a68074c96885f512de,4,5001,43332,12
631677a68074c96885f512e1,5,5001,9998940036,12
631677a68074c96885f512e4,5,5001,9998927735,12
631677a68074c96885f512e6,5,5001,9998878531,12
631677a68074c96885f512e9,5,5001,9998829327,12
631677a68074c96885f512f4,4,5001,86664,13
631677a68074c96885f512f5,4,5001,86664,13
631677a68074c96885f512f8,5,5001,9998817026,13
631677a68074c96885f512fb,5,5001,9998804725,13
631677a68074c96885f512fd,5,5001,9998755521,13
631677a68074c96885f51300,5,5001,9998706317,13
631677a68074c96885f5130b,4,5001,97497,14
631677a68074c96885f5130c,4,5001,97497,14
631677a68074c96885f5130f,5,5001,9998694016,14
631677a68074c96885f51312,5,5001,9998681715,14
631677a68074c96885f51314,5,5001,9998632511,14
631677a68074c96885f51317,5,5001,9998583307,14
631677a68074c96885f51322,4,5001,108330,15
631677a68074c96885f51323,4,5001,108330,15
631677a68074c96885f51326,5,5001,9998571006,15
631677a68074c96885f51329,5,5001,9998558705,15
631677a68074c96885f5132b,5,5001,9998509501,15
631677a68074c96885f5132e,5,5001,9998460297,15
631677a68074c96885f51339,4,5001,119163,16
631677a68074c96885f5133a,4,5001,119163,16
631677a68074c96885f5133d,5,5001,9998447996,16
631677a68074c96885f51340,5,5001,9998435695,16
631677a68074c96885f51342,5,5001,9998386491,16
631677a68074c96885f51345,5,5001,9998337287,16
631677a68074c96885f51350,4,5001,162495,17
631677a68074c96885f51351,4,5001,162495,17
631677a78074c96885f51354,5,5001,9998324986,17
631677a78074c96885f51357,5,5001,9998312685,17
631677a78074c96885f51359,5,5001,9998263481,17
631677a78074c96885f5135c,5,5001,9998214277,17
631677a78074c96885f51367,4,5001,205827,18
631677a78074c96885f51368,4,5001,205827,18
631677a78074c96885f5136b,5,5001,9998201976,18
631677a78074c96885f5136e,5,5001,9998189675,18
631677a78074c96885f51370,5,5001,9998140471,18
631677a78074c96885f51373,5,5001,9998091267,18
631677a78074c96885f5137e,4,5001,216660,19
631677a78074c96885f5137f,4,5001,216660,19
631677a78074c96885f51382,5,5001,9998078966,19
631677a78074c96885f51385,5,5001,9998066665,19
631677a78074c96885f51387,5,5001,9998017461,19
631677a78074c96885f5138a,5,5001,9997968257,19
631677a78074c96885f51395,4,5001,259992,20
631677a78074c96885f51396,4,5001,259992,20
631677a78074c96885f51399,5,5001,9997955313,20
631677a78074c96885f5139c,5,5001,9997942369,20
631677a78074c96885f5139e,5,5001,9997890593,20
631677a78074c96885f513a1,5,5001,9997838817,20
631677a78074c96885f513ac,4,5001,303324,21
631677a78074c96885f513ad,4,5001,303324,21
631677a78074c96885f513b0,5,5001,9997825873,21
631677a78074c96885f513b3,5,5001,9997812929,21
631677a78074c96885f513b5,5,5001,9997761153,21
631677a78074c96885f513b8,5,5001,9997709377,21
631677a78074c96885f513c3,4,5001,314157,22
631677a78074c96885f513c4,4,5001,314157,22
631677a78074c96885f513c7,5,5001,9997696433,22
631677a78074c96885f513ca,5,5001,9997683489,22
631677a78074c96885f513cc,5,5001,9997631713,22
631677a78074c96885f513cf,5,5001,9997579937,22
631677a78074c96885f513da,4,5001,324990,23
631677a78074c96885f513db,4,5001,324990,23
631677a88074c96885f513de,5,5001,9997566993,23
631677a88074c96885f513e1,5,5001,9997554049,23
631677a88074c96885f513e3,5,5001,9997502273,23
631677a88074c96885f513e6,5,5001,9997450497,23
631677a88074c96885f513f1,4,5001,368322,24
631677a88074c96885f513f2,4,5001,368322,24
631677a88074c96885f513f5,5,5001,9997437553,24
631677a88074c96885f513f8,5,5001,9997424609,24
631677a88074c96885f513fa,5,5001,9997372833,24
631677a88074c96885f513fd,5,5001,9997321057,24
631677a88074c96885f51408,4,5001,379155,25
631677a88074c96885f51409,4,5001,379155,25
631677a88074c96885f5140c,5,5001,9997308113,25
631677a88074c96885f5140f,5,5001,9997295169,25
631677a88074c96885f51411,5,5001,9997243393,25
631677a88074c96885f51414,5,5001,9997191617,25
631677a88074c96885f5141f,4,5001,389988,26
631677a88074c96885f51420,4,5001,389988,26
631677a88074c96885f51423,5,5001,9997178673,26
631677a88074c96885f51426,5,5001,9997165729,26
631677a88074c96885f51428,5,5001,9997113953,26
631677a88074c96885f5142b,5,5001,9997062177,26
631677a88074c96885f51436,4,5001,433320,27
631677a88074c96885f51437,4,5001,433320,27
631677a88074c96885f5143a,5,5001,9997049233,27
631677a88074c96885f5143d,5,5001,9997036289,27
631677a88074c96885f5143f,5,5001,9996984513,27
631677a88074c96885f51442,5,5001,9996932737,27
631677a88074c96885f5144d,4,5001,476652,28
631677a88074c96885f5144e,4,5001,476652,28
631677a88074c96885f51451,5,5001,9996919793,28
631677a88074c96885f51454,5,5001,9996906849,28
631677a88074c96885f51456,5,5001,9996855073,28
631677a88074c96885f51459,5,5001,9996803297,28
631677a88074c96885f51464,4,5001,487485,29
631677a88074c96885f51465,4,5001,487485,29
631677a88074c96885f51468,5,5001,9996790353,29
631677a88074c96885f5146b,5,5001,9996777409,29
631677a98074c96885f5146d,5,5001,9996725633,29
631677a98074c96885f51470,5,5001,9996673857,29
631677a98074c96885f5147b,4,5001,498318,30
631677a98074c96885f5147c,4,5001,498318,30
631677a98074c96885f5147f,5,5001,9996659427,30
631677a98074c96885f51482,5,5001,9996644997,30
631677a98074c96885f51484,5,5001,9996587277,30
631677a98074c96885f51487,5,5001,9996529557,30
631677a98074c96885f51492,4,5001,541650,31
631677a98074c96885f51493,4,5001,541650,31
631677a98074c96885f51496,5,5001,9996515127,31
631677a98074c96885f51499,5,5001,9996500697,31
631677a98074c96885f5149b,5,5001,9996442977,31
631677a98074c96885f5149e,5,5001,9996385257,31
631677a98074c96885f514a9,4,5001,584982,32
631677a98074c96885f514aa,4,5001,584982,32
631677a98074c96885f514ad,5,5001,9996370827,32
631677a98074c96885f514b0,5,5001,9996356397,32
631677a98074c96885f514b2,5,5001,9996298677,32
631677a98074c96885f514b5,5,5001,9996240957,32
631677a98074c96885f514c0,4,5001,595815,33
631677a98074c96885f514c1,4,5001,595815,33
631677a98074c96885f514c4,5,5001,9996226527,33
631677a98074c96885f514c7,5,5001,9996212097,33
631677a98074c96885f514c9,5,5001,9996154377,33
631677a98074c96885f514cc,5,5001,9996096657,33
631677a98074c96885f514d7,4,5001,606648,34
631677a98074c96885f514d8,4,5001,606648,34
631677a98074c96885f514db,5,5001,9996082227,34
631677a98074c96885f514de,5,5001,9996067797,34
631677a98074c96885f514e0,5,5001,9996010077,34
631677a98074c96885f514e3,5,5001,9995952357,34
631677aa8074c96885f514ee,4,5001,649980,35
631677aa8074c96885f514ef,4,5001,649980,35
631677aa8074c96885f514f2,5,5001,9995937927,35
631677aa8074c96885f514f5,5,5001,9995923497,35
631677aa8074c96885f514f7,5,5001,9995865777,35
631677aa8074c96885f514fa,5,5001,9995808057,35
631677aa8074c96885f51505,4,5001,693312,36
631677aa8074c96885f51506,4,5001,693312,36
631677aa8074c96885f51509,5,5001,9995793627,36
631677aa8074c96885f5150c,5,5001,9995779197,36
631677aa8074c96885f5150e,5,5001,9995721477,36
631677aa8074c96885f51511,5,5001,9995663757,36
631677aa8074c96885f5151c,4,5001,704145,37
631677aa8074c96885f5151d,4,5001,704145,37
631677aa8074c96885f51520,5,5001,9995649327,37
631677aa8074c96885f51523,5,5001,9995634897,37
631677aa8074c96885f51525,5,5001,9995577177,37
631677aa8074c96885f51528,5,5001,9995519457,37
631677aa8074c96885f51533,4,5001,714978,38
631677aa8074c96885f51534,4,5001,714978,38
631677aa8074c96885f51537,5,5001,9995505027,38
631677aa8074c96885f5153a,5,5001,9995490597,38
631677aa8074c96885f5153c,5,5001,9995432877,38
631677aa8074c96885f5153f,5,5001,9995375157,38
631677aa8074c96885f5154a,4,5001,758310,39
631677aa8074c96885f5154b,4,5001,758310,39
631677aa8074c96885f5154e,5,5001,9995360727,39
631677aa8074c96885f51551,5,5001,9995346297,39
631677aa8074c96885f51553,5,5001,9995288577,39
631677aa8074c96885f51556,5,5001,9995230857,39
631677ab8074c96885f51561,4,5001,801642,40
631677ab8074c96885f51562,4,5001,801642,40
631677ab8074c96885f51565,5,5001,9995216712,40
631677ab8074c96885f51568,5,5001,9995202567,40
631677ab8074c96885f5156a,5,5001,9995145987,40
631677ab8074c96885f5156d,5,5001,9995089407,40
631677ab8074c96885f51578,4,5001,813943,41
631677ab8074c96885f51579,4,5001,813943,41
631677ab8074c96885f5157c,5,5001,9995075262,41
631677ab8074c96885f5157f,5,5001,9995061117,41
631677ab8074c96885f51581,5,5001,9995004537,41
631677ab8074c96885f51584,5,5001,9994947957,41
631677ab8074c96885f5158f,4,5001,826244,42
631677ab8074c96885f51590,4,5001,826244,42
631677ab8074c96885f51593,5,5001,9994933812,42
631677ab8074c96885f51596,5,5001,9994919667,42
631677ab8074c96885f51598,5,5001,9994863087,42
631677ab8074c96885f5159b,5,5001,9994806507,42
631677ab8074c96885f515a6,4,5001,875448,43
631677ab8074c96885f515a7,4,5001,875448,43
631677ab8074c96885f515aa,5,5001,9994792362,43
631677ab8074c96885f515ad,5,5001,9994778217,43
631677ab8074c96885f515af,5,5001,9994721637,43
631677ab8074c96885f515b2,5,5001,9994665057,43
631677ab8074c96885f515bd,4,5001,924652,44
631677ab8074c96885f515be,4,5001,924652,44
631677ab8074c96885f515c1,5,5001,9994650912,44
631677ab8074c96885f515c4,5,5001,9994636767,44
631677ab8074c96885f515c6,5,5001,9994580187,44
631677ab8074c96885f515c9,5,5001,9994523607,44
631677ab8074c96885f515d4,4,5001,936953,45
631677ab8074c96885f515d5,4,5001,936953,45
631677ab8074c96885f515d8,5,5001,9994509462,45
631677ab8074c96885f515db,5,5001,9994495317,45
631677ab8074c96885f515dd,5,5001,9994438737,45
631677ab8074c96885f515e0,5,5001,9994382157,45
631677ac8074c96885f515eb,4,5001,949254,46
631677ac8074c96885f515ec,4,5001,949254,46
631677ac8074c96885f515ef,5,5001,9994368012,46
631677ac8074c96885f515f2,5,5001,9994353867,46
631677ac8074c96885f515f4,5,5001,9994297287,46
631677ac8074c96885f515f7,5,5001,9994240707,46
631677ac8074c96885f51603,5,5001,9994226562,47
631677ac8074c96885f51606,5,5001,9994212417,47
631677ac8074c96885f51608,5,5001,9994155837,47
631677ac8074c96885f5160b,5,5001,9994099257,47
631677ac8074c96885f51617,5,5001,9994085112,48
631677ac8074c96885f5161a,5,5001,9994070967,48
631677ac8074c96885f5161c,5,5001,9994014387,48
631677ac8074c96885f5161f,5,5001,9993957807,48
631677ac8074c96885f5162b,5,5001,9993943662,49
631677ac8074c96885f5162e,5,5001,9993929517,49
631677ac8074c96885f51630,5,5001,9993872937,49
631677ac8074c96885f51633,5,5001,9993816357,49
631677ac8074c96885f5163f,5,5001,9993803002,50
631677ac8074c96885f51642,5,5001,9993789647,50
631677ac8074c96885f51644,5,5001,9993736227,50
631677ac8074c96885f51647,5,5001,9993682807,50
631677ac8074c96885f51653,5,5001,9993669452,51
631677ac8074c96885f51656,5,5001,9993656097,51
631677ac8074c96885f51658,5,5001,9993602677,51
631677ac8074c96885f5165b,5,5001,9993549257,51
631677ad8074c96885f51667,5,5001,9993535902,52
631677ad8074c96885f5166a,5,5001,9993522547,52
631677ad8074c96885f5166c,5,5001,9993469127,52
631677ad8074c96885f5166f,5,5001,9993415707,52
631677ad8074c96885f5167b,5,5001,9993402352,53
631677ad8074c96885f5167e,5,5001,9993388997,53
631677ad8074c96885f51680,5,5001,9993335577,53
631677ad8074c96885f51683,5,5001,9993282157,53
631677ad8074c96885f5168f,5,5001,9993268802,54
631677ad8074c96885f51692,5,5001,9993255447,54
631677ad8074c96885f51694,5,5001,9993202027,54
631677ad8074c96885f51697,5,5001,9993148607,54
631677ad8074c96885f516a3,5,5001,9993135252,55
631677ad8074c96885f516a6,5,5001,9993121897,55
631677ad8074c96885f516a8,5,5001,9993068477,55
631677ad8074c96885f516ab,5,5001,9993015057,55
631677ad8074c96885f516b7,5,5001,9993001702,56
631677ad8074c96885f516ba,5,5001,9992988347,56
631677ad8074c96885f516bc,5,5001,9992934927,56
631677ad8074c96885f516bf,5,5001,9992881507,56
631677ad8074c96885f516cb,5,5001,9992868152,57
631677ad8074c96885f516ce,5,5001,9992854797,57
631677ad8074c96885f516d0,5,5001,9992801377,57
631677ad8074c96885f516d3,5,5001,9992747957,57
631677ad8074c96885f516df,5,5001,9992734602,58
631677ad8074c96885f516e2,5,5001,9992721247,58
631677ae8074c96885f516e4,5,5001,9992667827,58
631677ae8074c96885f516e7,5,5001,9992614407,58
631677ae8074c96885f516f3,5,5001,9992601052,59
631677ae8074c96885f516f6,5,5001,9992587697,59
631677ae8074c96885f516f8,5,5001,9992534277,59
631677ae8074c96885f516fb,5,5001,9992480857,59
631677ae8074c96885f51707,5,5001,9992466799,60
631677ae8074c96885f5170a,5,5001,9992452741,60
631677ae8074c96885f5170c,5,5001,9992396509,60
631677ae8074c96885f5170f,5,5001,9992340277,60
631677ae8074c96885f5171b,5,5001,9992326219,61
631677ae8074c96885f5171e,5,5001,9992312161,61
631677ae8074c96885f51720,5,5001,9992255929,61
631677ae8074c96885f51723,5,5001,9992199697,61
631677ae8074c96885f5172f,5,5001,9992185639,62
631677ae8074c96885f51732,5,5001,9992171581,62
631677ae8074c96885f51734,5,5001,9992115349,62
631677ae8074c96885f51737,5,5001,9992059117,62
631677ae8074c96885f51743,5,5001,9992045059,63
631677ae8074c96885f51746,5,5001,9992031001,63
631677ae8074c96885f51748,5,5001,9991974769,63
631677ae8074c96885f5174b,5,5001,9991918537,63
631677ae8074c96885f51757,5,5001,9991904479,64
631677ae8074c96885f5175a,5,5001,9991890421,64
631677ae8074c96885f5175c,5,5001,9991834189,64
631677ae8074c96885f5175f,5,5001,9991777957,64
631677af8074c96885f5176b,5,5001,9991763899,65
631677af8074c96885f5176e,5,5001,9991749841,65
631677af8074c96885f51770,5,5001,9991693609,65
631677af8074c96885f51773,5,5001,9991637377,65
631677af8074c96885f5177f,5,5001,9991623319,66
631677af8074c96885f51782,5,5001,9991609261,66
631677af8074c96885f51784,5,5001,9991553029,66
631677af8074c96885f51787,5,5001,9991496797,66
631677af8074c96885f51793,5,5001,9991482739,67
631677af8074c96885f51796,5,5001,9991468681,67
631677af8074c96885f51798,5,5001,9991412449,67
631677af8074c96885f5179b,5,5001,9991356217,67
631677af8074c96885f517a7,5,5001,9991342159,68
631677af8074c96885f517aa,5,5001,9991328101,68
631677af8074c96885f517ac,5,5001,9991271869,68
631677af8074c96885f517af,5,5001,9991215637,68
631677af8074c96885f517bb,5,5001,9991201579,69
631677af8074c96885f517be,5,5001,9991187521,69
631677af8074c96885f517c0,5,5001,9991131289,69
631677af8074c96885f517c3,5,5001,9991075057,69
631677af8074c96885f517cf,5,5001,9991062145,70
631677af8074c96885f517d2,5,5001,9991049233,70
631677af8074c96885f517d4,5,5001,9990997585,70
631677af8074c96885f517d7,5,5001,9990945937,70
631677af8074c96885f517e3,5,5001,9990933025,71
631677af8074c96885f517e6,5,5001,9990920113,71
631677af8074c96885f517e8,5,5001,9990868465,71
631677af8074c96885f517eb,5,5001,9990816817,71
631677b08074c96885f517f7,5,5001,9990803905,72
631677b08074c96885f517fa,5,5001,9990790993,72
631677b08074c96885f517fc,5,5001,9990739345,72
631677b08074c96885f517ff,5,5001,9990687697,72
631677b08074c96885f5180b,5,5001,9990674785,73
631677b08074c96885f5180e,5,5001,9990661873,73
631677b08074c96885f51810,5,5001,9990610225,73
631677b08074c96885f51813,5,5001,9990558577,73
631677b08074c96885f5181f,5,5001,9990545665,74
631677b08074c96885f51822,5,5001,9990532753,74
631677b08074c96885f51824,5,5001,9990481105,74
631677b08074c96885f51827,5,5001,9990429457,74
631677b08074c96885f51833,5,5001,9990416545,75
631677b08074c96885f51836,5,5001,9990403633,75
631677b08074c96885f51838,5,5001,9990351985,75
631677b08074c96885f5183b,5,5001,9990300337,75
631677b08074c96885f51847,5,5001,9990287425,76
631677b08074c96885f5184a,5,5001,9990274513,76
631677b08074c96885f5184c,5,5001,9990222865,76
631677b08074c96885f5184f,5,5001,9990171217,76
631677b08074c96885f5185b,5,5001,9990158305,77
631677b08074c96885f5185e,5,5001,9990145393,77
631677b08074c96885f51860,5,5001,9990093745,77
631677b08074c96885f51863,5,5001,9990042097,77
631677b18074c96885f5186f,5,5001,9990029185,78
631677b18074c96885f51872,5,5001,9990016273,78
631677b18074c96885f51874,5,5001,9989964625,78
631677b18074c96885f51877,5,5001,9989912977,78
631677b18074c96885f51883,5,5001,9989900065,79
631677b18074c96885f51886,5,5001,9989887153,79
631677b18074c96885f51888,5,5001,9989835505,79
631677b18074c96885f5188b,5,5001,9989783857,79
631677b18074c96885f51897,5,5001,9989769468,80
631677b18074c96885f5189a,5,5001,9989755079,80
631677b18074c96885f5189c,5,5001,9989697523,80
631677b18074c96885f5189f,5,5001,9989639967,80
631677b18074c96885f518ab,5,5001,9989625578,81
631677b18074c96885f518ae,5,5001,9989611189,81
631677b18074c96885f518b0,5,5001,9989553633,81
631677b18074c96885f518b3,5,5001,9989496077,81
631677b18074c96885f518bf,5,5001,9989481688,82
631677b18074c96885f518c2,5,5001,9989467299,82
631677b18074c96885f518c4,5,5001,9989409743,82
631677b18074c96885f518c7,5,5001,9989352187,82
631677b18074c96885f518d3,5,5001,9989337798,83
631677b18074c96885f518d6,5,5001,9989323409,83
631677b18074c96885f518d8,5,5001,9989265853,83
631677b18074c96885f518db,5,5001,9989208297,83
631677b18074c96885f518e7,5,5001,9989193908,84
631677b18074c96885f518ea,5,5001,9989179519,84
631677b18074c96885f518ec,5,5001,9989121963,84
631677b18074c96885f518ef,5,5001,9989064407,84
631677b28074c96885f518fb,5,5001,9989050018,85
631677b28074c96885f518fe,5,5001,9989035629,85
631677b28074c96885f51900,5,5001,9988978073,85
631677b28074c96885f51903,5,5001,9988920517,85
631677b28074c96885f5190f,5,5001,9988906128,86
631677b28074c96885f51912,5,5001,9988891739,86
631677b28074c96885f51914,5,5001,9988834183,86
631677b28074c96885f51917,5,5001,9988776627,86
631677b28074c96885f51923,5,5001,9988762238,87
631677b28074c96885f51926,5,5001,9988747849,87
631677b28074c96885f51928,5,5001,9988690293,87
631677b28074c96885f5192b,5,5001,9988632737,87
631677b28074c96885f51937,5,5001,9988618348,88
631677b28074c96885f5193a,5,5001,9988603959,88
631677b28074c96885f5193c,5,5001,9988546403,88
631677b28074c96885f5193f,5,5001,9988488847,88
631677b28074c96885f5194b,5,5001,9988474458,89
631677b28074c96885f5194e,5,5001,9988460069,89
631677b28074c96885f51950,5,5001,9988402513,89
631677b28074c96885f51953,5,5001,9988344957,89
631677b28074c96885f5195f,5,5001,9988331305,90
631677b28074c96885f51962,5,5001,9988317653,90
631677b28074c96885f51964,5,5001,9988263045,90
631677b28074c96885f51967,5,5001,9988208437,90
631677b38074c96885f51973,5,5001,9988194785,91
631677b38074c96885f51976,5,5001,9988181133,91
631677b38074c96885f51978,5,5001,9988126525,91
631677b38074c96885f5197b,5,5001,9988071917,91
631677b38074c96885f51987,5,5001,9988058265,92
631677b38074c96885f5198a,5,5001,9988044613,92
631677b38074c96885f5198c,5,5001,9987990005,92
631677b38074c96885f5198f,5,5001,9987935397,92
631677b38074c96885f5199b,5,5001,9987921745,93
631677b38074c96885f5199e,5,5001,9987908093,93
631677b38074c96885f519a0,5,5001,9987853485,93
631677b38074c96885f519a3,5,5001,9987798877,93
631677b38074c96885f519af,5,5001,9987785225,94
631677b38074c96885f519b2,5,5001,9987771573,94
631677b38074c96885f519b4,5,5001,9987716965,94
631677b38074c96885f519b7,5,5001,9987662357,94
631677b38074c96885f519c3,5,5001,9987648705,95
631677b38074c96885f519c6,5,5001,9987635053,95
631677b38074c96885f519c8,5,5001,9987580445,95
631677b38074c96885f519cb,5,5001,9987525837,95
631677b38074c96885f519d7,5,5001,9987512185,96
631677b38074c96885f519da,5,5001,9987498533,96
631677b38074c96885f519dc,5,5001,9987443925,96
631677b38074c96885f519df,5,5001,9987389317,96
631677b38074c96885f519eb,5,5001,9987375665,97
631677b48074c96885f519ee,5,5001,9987362013,97
631677b48074c96885f519f0,5,5001,9987307405,97
631677b48074c96885f519f3,5,5001,9987252797,97
631677b48074c96885f519ff,5,5001,9987239145,98
631677b48074c96885f51a02,5,5001,9987225493,98
631677b48074c96885f51a04,5,5001,9987170885,98
631677b48074c96885f51a07,5,5001,9987116277,98
631677b48074c96885f51a13,5,5001,9987102625,99
631677b48074c96885f51a16,5,5001,9987088973,99
631677b48074c96885f51a18,5,5001,9987034365,99
631677b48074c96885f51a1b,5,5001,9986979757,99
631677b48074c96885f51a27,5,5001,9986963599,100
631677b48074c96885f51a2a,5,5001,9986947441,100
631677b48074c96885f51a2c,5,5001,9986882809,100
631677b48074c96885f51a2f,5,5001,9986818177,100
631677b48074c96885f51a3b,5,5001,9986802019,101
631677b48074c96885f51a3e,5,5001,9986785861,101
631677b48074c96885f51a40,5,5001,9986721229,101
631677b48074c96885f51a43,5,5001,9986656597,101
631677b48074c96885f51a4f,5,5001,9986640439,102
631677b48074c96885f51a52,5,5001,9986624281,102
631677b48074c96885f51a54,5,5001,9986559649,102
631677b48074c96885f51a57,5,5001,9986495017,102
631677b48074c96885f51a63,5,5001,9986478859,103
631677b48074c96885f51a66,5,5001,9986462701,103
631677b48074c96885f51a68,5,5001,9986398069,103
631677b48074c96885f51a6b,5,5001,9986333437,103
631677b48074c96885f51a77,5,5001,9986317279,104
631677b58074c96885f51a7a,5,5001,9986301121,104
631677b58074c96885f51a7c,5,5001,9986236489,104
631677b58074c96885f51a7f,5,5001,9986171857,104
631677b58074c96885f51a8b,5,5001,9986155699,105
631677b58074c96885f51a8e,5,5001,9986139541,105
631677b58074c96885f51a90,5,5001,9986074909,105
631677b58074c96885f51a93,5,5001,9986010277,105
631677b58074c96885f51a9f,5,5001,9985994119,106
631677b58074c96885f51aa2,5,5001,9985977961,106
631677b58074c96885f51aa4,5,5001,9985913329,106
631677b58074c96885f51aa7,5,5001,9985848697,106
631677b58074c96885f51ab3,5,5001,9985832539,107
631677b58074c96885f51ab6,5,5001,9985816381,107
631677b58074c96885f51ab8,5,5001,9985751749,107
631677b58074c96885f51abb,5,5001,9985687117,107
631677b58074c96885f51ac7,5,5001,9985670959,108
631677b58074c96885f51aca,5,5001,9985654801,108
631677b58074c96885f51acc,5,5001,9985590169,108
631677b58074c96885f51acf,5,5001,9985525537,108
631677b58074c96885f51adb,5,5001,9985509379,109
631677b58074c96885f51ade,5,5001,9985493221,109
631677b58074c96885f51ae0,5,5001,9985428589,109
631677b58074c96885f51ae3,5,5001,9985363957,109
631677b58074c96885f51aef,5,5001,9985353377,110
631677b58074c96885f51af2,5,5001,9985342797,110
631677b58074c96885f51af4,5,5001,9985300477,110
631677b68074c96885f51af7,5,5001,9985258157,110
631677b68074c96885f51b03,5,5001,9985247577,111
631677b68074c96885f51b06,5,5001,9985236997,111
631677b68074c96885f51b08,5,5001,9985194677,111
631677b68074c96885f51b0b,5,5001,9985152357,111
631677b68074c96885f51b17,5,5001,9985141777,112
631677b68074c96885f51b1a,5,5001,9985131197,112
631677b68074c96885f51b1c,5,5001,9985088877,112
631677b68074c96885f51b1f,5,5001,9985046557,112
631677b68074c96885f51b2b,5,5001,9985035977,113
631677b68074c96885f51b2e,5,5001,9985025397,113
631677b68074c96885f51b30,5,5001,9984983077,113
631677b68074c96885f51b33,5,5001,9984940757,113
631677b68074c96885f51b3f,5,5001,9984930177,114
631677b68074c96885f51b42,5,5001,9984919597,114
631677b68074c96885f51b44,5,5001,9984877277,114
631677b68074c96885f51b47,5,5001,9984834957,114
631677b68074c96885f51b53,5,5001,9984824377,115
631677b68074c96885f51b56,5,5001,9984813797,115
631677b68074c96885f51b58,5,5001,9984771477,115
631677b68074c96885f51b5b,5,5001,9984729157,115
631677b68074c96885f51b67,5,5001,9984718577,116
631677b68074c96885f51b6a,5,5001,9984707997,116
631677b68074c96885f51b6c,5,5001,9984665677,116
631677b68074c96885f51b6f,5,5001,9984623357,116
631677b78074c96885f51b7b,5,5001,9984612777,117
631677b78074c96885f51b7e,5,5001,9984602197,117
631677b78074c96885f51b80,5,5001,9984559877,117
631677b78074c96885f51b83,5,5001,9984517557,117
631677b78074c96885f51b8f,5,5001,9984506977,118
631677b78074c96885f51b92,5,5001,9984496397,118
631677b78074c96885f51b94,5,5001,9984454077,118
631677b78074c96885f51b97,5,5001,9984411757,118
631677b78074c96885f51ba3,5,5001,9984401177,119
631677b78074c96885f51ba6,5,5001,9984390597,119
631677b78074c96885f51ba8,5,5001,9984348277,119
631677b78074c96885f51bab,5,5001,9984305957,119
631677b78074c96885f51bb7,5,5001,9984294690,120
631677b78074c96885f51bba,5,5001,9984283423,120
631677b78074c96885f51bbc,5,5001,9984238355,120
631677b78074c96885f51bbf,5,5001,9984193287,120
631677b78074c96885f51bcb,5,5001,9984182020,121
631677b78074c96885f51bce,5,5001,9984170753,121
631677b78074c96885f51bd0,5,5001,9984125685,121
631677b78074c96885f51bd3,5,5001,9984080617,121
631677b78074c96885f51bdf,5,5001,9984069350,122
631677b78074c96885f51be2,5,5001,9984058083,122
631677b78074c96885f51be4,5,5001,9984013015,122
631677b78074c96885f51be7,5,5001,9983967947,122
631677b88074c96885f51bf3,5,5001,9983956680,123
631677b88074c96885f51bf6,5,5001,9983945413,123
631677b88074c96885f51bf8,5,5001,9983900345,123
631677b88074c96885f51bfb,5,5001,9983855277,123
631677b88074c96885f51c07,5,5001,9983844010,124
631677b88074c96885f51c0a,5,5001,9983832743,124
631677b88074c96885f51c0c,5,5001,9983787675,124
631677b88074c96885f51c0f,5,5001,9983742607,124
631677b88074c96885f51c1b,5,5001,9983731340,125
631677b88074c96885f51c1e,5,5001,9983720073,125
631677b88074c96885f51c20,5,5001,9983675005,125
631677b88074c96885f51c23,5,5001,9983629937,125
631677b88074c96885f51c2f,5,5001,9983618670,126
631677b88074c96885f51c32,5,5001,9983607403,126
631677b88074c96885f51c34,5,5001,9983562335,126
631677b88074c96885f51c37,5,5001,9983517267,126
631677b88074c96885f51c43,5,5001,9983506000,127
631677b88074c96885f51c46,5,5001,9983494733,127
631677b88074c96885f51c48,5,5001,9983449665,127
631677b88074c96885f51c4b,5,5001,9983404597,127
631677b88074c96885f51c57,5,5001,9983393330,128
631677b88074c96885f51c5a,5,5001,9983382063,128
631677b88074c96885f51c5c,5,5001,9983336995,128
631677b88074c96885f51c5f,5,5001,9983291927,128
631677b88074c96885f51c6b,5,5001,9983280660,129
631677b88074c96885f51c6e,5,5001,9983269393,129
631677b88074c96885f51c70,5,5001,9983224325,129
631677b88074c96885f51c73,5,5001,9983179257,129
631677b98074c96885f51c7f,5,5001,9983165876,130
631677b98074c96885f51c82,5,5001,9983152495,130
631677b98074c96885f51c84,5,5001,9983098971,130
631677b98074c96885f51c87,5,5001,9983045447,130
631677b98074c96885f51c93,5,5001,9983032066,131
631677b98074c96885f51c96,5,5001,9983018685,131
631677b98074c96885f51c98,5,5001,9982965161,131
631677b98074c96885f51c9b,5,5001,9982911637,131
631677b98074c96885f51ca7,5,5001,9982898256,132
631677b98074c96885f51caa,5,5001,9982884875,132
631677b98074c96885f51cac,5,5001,9982831351,132
631677b98074c96885f51caf,5,5001,9982777827,132
631677b98074c96885f51cbb,5,5001,9982764446,133
631677b98074c96885f51cbe,5,5001,9982751065,133
631677b98074c96885f51cc0,5,5001,9982697541,133
631677b98074c96885f51cc3,5,5001,9982644017,133
631677b98074c96885f51ccf,5,5001,9982630636,134
631677b98074c96885f51cd2,5,5001,9982617255,134
631677b98074c96885f51cd4,5,5001,9982563731,134
631677b98074c96885f51cd7,5,5001,9982510207,134
631677b98074c96885f51ce3,5,5001,9982496826,135
631677b98074c96885f51ce6,5,5001,9982483445,135
631677b98074c96885f51ce8,5,5001,9982429921,135
631677b98074c96885f51ceb,5,5001,9982376397,135
631677ba8074c96885f51cf7,5,5001,9982363016,136
631677ba8074c96885f51cfa,5,5001,9982349635,136
631677ba8074c96885f51cfc,5,5001,9982296111,136
631677ba8074c96885f51cff,5,5001,9982242587,136
631677ba8074c96885f51d0b,5,5001,9982229206,137
631677ba8074c96885f51d0e,5,5001,9982215825,137
631677ba8074c96885f51d10,5,5001,9982162301,137
631677ba8074c96885f51d13,5,5001,9982108777,137
631677ba8074c96885f51d1f,5,5001,9982095396,138
631677ba8074c96885f51d22,5,5001,9982082015,138
631677ba8074c96885f51d24,5,5001,9982028491,138
631677ba8074c96885f51d27,5,5001,9981974967,138
631677ba8074c96885f51d33,5,5001,9981961586,139
631677ba8074c96885f51d36,5,5001,9981948205,139
631677ba8074c96885f51d38,5,5001,9981894681,139
631677ba8074c96885f51d3b,5,5001,9981841157,139
631677ba8074c96885f51d47,5,5001,9981828925,140
631677ba8074c96885f51d4a,5,5001,9981816693,140
631677ba8074c96885f51d4c,5,5001,9981767765,140
631677ba8074c96885f51d4f,5,5001,9981718837,140
631677ba8074c96885f51d5b,5,5001,9981706605,141
631677ba8074c96885f51d5e,5,5001,9981694373,141
631677ba8074c96885f51d60,5,5001,9981645445,141
631677ba8074c96885f51d63,5,5001,9981596517,141
631677ba8074c96885f51d6f,5,5001,9981584285,142
631677ba8074c96885f51d72,5,5001,9981572053,142
631677ba8074c96885f51d74,5,5001,9981523125,142
631677ba8074c96885f51d77,5,5001,9981474197,142
631677ba8074c96885f51d83,5,5001,9981461965,143
631677bb8074c96885f51d86,5,5001,9981449733,143
631677bb8074c96885f51d88,5,5001,9981400805,143
631677bb8074c96885f51d8b,5,5001,9981351877,143
631677bb8074c96885f51d97,5,5001,9981339645,144
631677bb8074c96885f51d9a,5,5001,9981327413,144
631677bb8074c96885f51d9c,5,5001,9981278485,144
631677bb8074c96885f51d9f,5,5001,9981229557,144
631677bb8074c96885f51dab,5,5001,9981217325,145
631677bb8074c96885f51dae,5,5001,9981205093,145
631677bb8074c96885f51db0,5,5001,9981156165,145
631677bb8074c96885f51db3,5,5001,9981107237,145
631677bb8074c96885f51dbf,5,5001,9981095005,146
631677bb8074c96885f51dc2,5,5001,9981082773,146
631677bb8074c96885f51dc4,5,5001,9981033845,146
631677bb8074c96885f51dc7,5,5001,9980984917,146
631677bb8074c96885f51dd3,5,5001,9980972685,147
631677bb8074c96885f51dd6,5,5001,9980960453,147
631677bb8074c96885f51dd8,5,5001,9980911525,147
631677bb8074c96885f51ddb,5,5001,9980862597,147
631677bb8074c96885f51de7,5,5001,9980850365,148
631677bb8074c96885f51dea,5,5001,9980838133,148
631677bb8074c96885f51dec,5,5001,9980789205,148
631677bb8074c96885f51def,5,5001,9980740277,148
631677bb8074c96885f51dfb,5,5001,9980728045,149
631677bb8074c96885f51dfe,5,5001,9980715813,149
631677bb8074c96885f51e00,5,5001,9980666885,149
631677bb8074c96885f51e03,5,5001,9980617957,149
631677bc8074c96885f51e0f,5,5001,9980603960,150
631677bc8074c96885f51e12,5,5001,9980589963,150
631677bc8074c96885f51e14,5,5001,9980533975,150
631677bc8074c96885f51e17,5,5001,9980477987,150
631677bc8074c96885f51e23,5,5001,9980463990,151
631677bc8074c96885f51e26,5,5001,9980449993,151
631677bc8074c96885f51e28,5,5001,9980394005,151
631677bc8074c96885f51e2b,5,5001,9980338017,151
631677bc8074c96885f51e37,5,5001,9980324020,152
631677bc8074c96885f51e3a,5,5001,9980310023,152
631677bc8074c96885f51e3c,5,5001,9980254035,152
631677bc8074c96885f51e3f,5,5001,9980198047,152
631677bc8074c96885f51e4b,5,5001,9980184050,153
631677bc8074c96885f51e4e,5,5001,9980170053,153
631677bc8074c96885f51e50,5,5001,9980114065,153
631677bc8074c96885f51e53,5,5001,9980058077,153
631677bc8074c96885f51e5f,5,5001,9980044080,154
631677bc8074c96885f51e62,5,5001,9980030083,154
631677bc8074c96885f51e64,5,5001,9979974095,154
631677bc8074c96885f51e67,5,5001,9979918107,154
631677bc8074c96885f51e73,5,5001,9979904110,155
631677bc8074c96885f51e76,5,5001,9979890113,155
631677bc8074c96885f51e78,5,5001,9979834125,155
631677bc8074c96885f51e7b,5,5001,9979778137,155
631677bd8074c96885f51e87,5,5001,9979764140,156
631677bd8074c96885f51e8a,5,5001,9979750143,156
631677bd8074c96885f51e8c,5,5001,9979694155,156
631677bd8074c96885f51e8f,5,5001,9979638167,156
631677bd8074c96885f51e9b,5,5001,9979624170,157
631677bd8074c96885f51e9e,5,5001,9979610173,157
631677bd8074c96885f51ea0,5,5001,9979554185,157
631677bd8074c96885f51ea3,5,5001,9979498197,157
631677bd8074c96885f51eaf,5,5001,9979484200,158
631677bd8074c96885f51eb2,5,5001,9979470203,158
631677bd8074c96885f51eb4,5,5001,9979414215,158
631677bd8074c96885f51eb7,5,5001,9979358227,158
631677bd8074c96885f51ec3,5,5001,9979344230,159
631677bd8074c96885f51ec6,5,5001,9979330233,159
631677bd8074c96885f51ec8,5,5001,9979274245,159
631677bd8074c96885f51ecb,5,5001,9979218257,159
631677bd8074c96885f51ed7,5,5001,9979202145,160
631677bd8074c96885f51eda,5,5001,9979186033,160
631677bd8074c96885f51edc,5,5001,9979121585,160
631677bd8074c96885f51edf,5,5001,9979057137,160
631677bd8074c96885f51eeb,5,5001,9979041025,161
631677bd8074c96885f51eee,5,5001,9979024913,161
631677bd8074c96885f51ef0,5,5001,9978960465,161
631677bd8074c96885f51ef3,5,5001,9978896017,161
631677bd8074c96885f51eff,5,5001,9978879905,162
631677bd8074c96885f51f02,5,5001,9978863793,162
631677bd8074c96885f51f04,5,5001,9978799345,162
631677be8074c96885f51f07,5,5001,9978734897,162
631677be8074c96885f51f13,5,5001,9978718785,163
631677be8074c96885f51f16,5,5001,9978702673,163
631677be8074c96885f51f18,5,5001,9978638225,163
631677be8074c96885f51f1b,5,5001,9978573777,163
631677be8074c96885f51f27,5,5001,9978557665,164
631677be8074c96885f51f2a,5,5001,9978541553,164
631677be8074c96885f51f2c,5,5001,9978477105,164
631677be8074c96885f51f2f,5,5001,9978412657,164
631677be8074c96885f51f3b,5,5001,9978396545,165
631677be8074c96885f51f3e,5,5001,9978380433,165
631677be8074c96885f51f40,5,5001,9978315985,165
631677be8074c96885f51f43,5,5001,9978251537,165
631677be8074c96885f51f4f,5,5001,9978235425,166
631677be8074c96885f51f52,5,5001,9978219313,166
631677be8074c96885f51f54,5,5001,9978154865,166
631677be8074c96885f51f57,5,5001,9978090417,166
631677be8074c96885f51f63,5,5001,9978074305,167
631677be8074c96885f51f66,5,5001,9978058193,167
631677be8074c96885f51f68,5,5001,9977993745,167
631677be8074c96885f51f6b,5,5001,9977929297,167
631677be8074c96885f51f77,5,5001,9977913185,168
631677be8074c96885f51f7a,5,5001,9977897073,168
631677be8074c96885f51f7c,5,5001,9977832625,168
631677be8074c96885f51f7f,5,5001,9977768177,168
631677bf8074c96885f51f8b,5,5001,9977752065,169
631677bf8074c96885f51f8e,5,5001,9977735953,169
631677bf8074c96885f51f90,5,5001,9977671505,169
631677bf8074c96885f51f93,5,5001,9977607057,169
631677bf8074c96885f51f9f,5,5001,9977591387,170
631677bf8074c96885f51fa2,5,5001,9977575717,170
631677bf8074c96885f51fa4,5,5001,9977513037,170
631677bf8074c96885f51fa7,5,5001,9977450357,170
631677bf8074c96885f51fb3,5,5001,9977434687,171
631677bf8074c96885f51fb6,5,5001,9977419017,171
631677bf8074c96885f51fb8,5,5001,9977356337,171
631677bf8074c96885f51fbb,5,5001,9977293657,171
631677bf8074c96885f51fc7,5,5001,9977277987,172
631677bf8074c96885f51fca,5,5001,9977262317,172
631677bf8074c96885f51fcc,5,5001,9977199637,172
631677bf8074c96885f51fcf,5,5001,9977136957,172
631677bf8074c96885f51fdb,5,5001,9977121287,173
631677bf8074c96885f51fde,5,5001,9977105617,173
631677bf8074c96885f51fe0,5,5001,9977042937,173
631677bf8074c96885f51fe3,5,5001,9976980257,173
631677bf8074c96885f51fef,5,5001,9976964587,174
631677bf8074c96885f51ff2,5,5001,9976948917,174
631677bf8074c96885f51ff4,5,5001,9976886237,174
631677bf8074c96885f51ff7,5,5001,9976823557,174
631677c08074c96885f52003,5,5001,9976807887,175
631677c08074c96885f52006,5,5001,9976792217,175
631677c08074c96885f52008,5,5001,9976729537,175
631677c08074c96885f5200b,5,5001,9976666857,175
631677c08074c96885f52017,5,5001,9976651187,176
631677c08074c96885f5201a,5,5001,9976635517,176
631677c08074c96885f5201c,5,5001,9976572837,176
631677c08074c96885f5201f,5,5001,9976510157,176
631677c08074c96885f5202b,5,5001,9976494487,177
631677c08074c96885f5202e,5,5001,9976478817,177
631677c08074c96885f52030,5,5001,9976416137,177
631677c08074c96885f52033,5,5001,9976353457,177
631677c08074c96885f5203f,5,5001,9976337787,178
631677c08074c96885f52042,5,5001,9976322117,178
631677c08074c96885f52044,5,5001,9976259437,178
631677c08074c96885f52047,5,5001,9976196757,178
631677c08074c96885f52053,5,5001,9976181087,179
631677c08074c96885f52056,5,5001,9976165417,179
631677c08074c96885f52058,5,5001,9976102737,179
631677c08074c96885f5205b,5,5001,9976040057,179
631677c08074c96885f52067,5,5001,9976024776,180
631677c08074c96885f5206a,5,5001,9976009495,180
631677c08074c96885f5206c,5,5001,9975948371,180
631677c08074c96885f5206f,5,5001,9975887247,180
631677c08074c96885f5207b,5,5001,9975871966,181
631677c08074c96885f5207e,5,5001,9975856685,181
631677c08074c96885f52080,5,5001,9975795561,181
631677c08074c96885f52083,5,5001,9975734437,181
631677c18074c96885f5208f,5,5001,9975719156,182
631677c18074c96885f52092,5,5001,9975703875,182
631677c18074c96885f52094,5,5001,9975642751,182
631677c18074c96885f52097,5,5001,9975581627,182
631677c18074c96885f520a3,5,5001,9975566346,183
631677c18074c96885f520a6,5,5001,9975551065,183
631677c18074c96885f520a8,5,5001,9975489941,183
631677c18074c96885f520ab,5,5001,9975428817,183
631677c18074c96885f520b7,5,5001,9975413536,184
631677c18074c96885f520ba,5,5001,9975398255,184
631677c18074c96885f520bc,5,5001,9975337131,184
631677c18074c96885f520bf,5,5001,9975276007,184
631677c18074c96885f520cb,5,5001,9975260726,185
631677c18074c96885f520ce,5,5001,9975245445,185
631677c18074c96885f520d0,5,5001,9975184321,185
631677c18074c96885f520d3,5,5001,9975123197,185
631677c18074c96885f520df,5,5001,9975107916,186
631677c18074c96885f520e2,5,5001,9975092635,186
631677c18074c96885f520e4,5,5001,9975031511,186
631677c18074c96885f520e7,5,5001,9974970387,186
631677c18074c96885f520f3,5,5001,9974955106,187
631677c18074c96885f520f6,5,5001,9974939825,187
631677c18074c96885f520f8,5,5001,9974878701,187
631677c18074c96885f520fb,5,5001,9974817577,187
631677c28074c96885f52107,5,5001,9974802296,188
631677c28074c96885f5210a,5,5001,9974787015,188
631677c28074c96885f5210c,5,5001,9974725891,188
631677c28074c96885f5210f,5,5001,9974664767,188
631677c28074c96885f5211b,5,5001,9974649486,189
631677c28074c96885f5211e,5,5001,9974634205,189
631677c28074c96885f52120,5,5001,9974573081,189
631677c28074c96885f52123,5,5001,9974511957,189
631677c28074c96885f5212f,5,5001,9974496451,190
631677c28074c96885f52132,5,5001,9974480945,190
631677c28074c96885f52134,5,5001,9974418921,190
631677c28074c96885f52137,5,5001,9974356897,190
631677c28074c96885f52143,5,5001,9974341391,191
631677c28074c96885f52146,5,5001,9974325885,191
631677c28074c96885f52148,5,5001,9974263861,191
631677c28074c96885f5214b,5,5001,9974201837,191
631677c28074c96885f52157,5,5001,9974186331,192
631677c28074c96885f5215a,5,5001,9974170825,192
631677c28074c96885f5215c,5,5001,9974108801,192
631677c28074c96885f5215f,5,5001,9974046777,192
631677c28074c96885f5216b,5,5001,9974031271,193
631677c28074c96885f5216e,5,5001,9974015765,193
631677c28074c96885f52170,5,5001,9973953741,193
631677c28074c96885f52173,5,5001,9973891717,193
631677c38074c96885f5217f,5,5001,9973876211,194
631677c38074c96885f52182,5,5001,9973860705,194
631677c38074c96885f52184,5,5001,9973798681,194
631677c38074c96885f52187,5,5001,9973736657,194
631677c38074c96885f52193,5,5001,9973721151,195
631677c38074c96885f52196,5,5001,9973705645,195
631677c38074c96885f52198,5,5001,9973643621,195
631677c38074c96885f5219b,5,5001,9973581597,195
631677c38074c96885f521a7,5,5001,9973566091,196
631677c38074c96885f521aa,5,5001,9973550585,196
631677c38074c96885f521ac,5,5001,9973488561,196
631677c38074c96885f521af,5,5001,9973426537,196
631677c38074c96885f521bb,5,5001,9973411031,197
631677c38074c96885f521be,5,5001,9973395525,197
631677c38074c96885f521c0,5,5001,9973333501,197
631677c38074c96885f521c3,5,5001,9973271477,197
631677c38074c96885f521cf,5,5001,9973255971,198
631677c38074c96885f521d2,5,5001,9973240465,198
631677c38074c96885f521d4,5,5001,9973178441,198
631677c38074c96885f521d7,5,5001,9973116417,198
631677c38074c96885f521e3,5,5001,9973100911,199
631677c38074c96885f521e6,5,5001,9973085405,199
631677c38074c96885f521e8,5,5001,9973023381,199
631677c38074c96885f521eb,5,5001,9972961357,199
631677c38074c96885f521f7,5,5001,9972945169,200
631677c48074c96885f521fa,5,5001,9972928981,200
631677c48074c96885f521fc,5,5001,9972864229,200
631677c48074c96885f521ff,5,5001,9972799477,200
631677c48074c96885f5220b,5,5001,9972783289,201
631677c48074c96885f5220e,5,5001,9972767101,201
631677c48074c96885f52210,5,5001,9972702349,201
631677c48074c96885f52213,5,5001,9972637597,201
631677c48074c96885f5221f,5,5001,9972621409,202
631677c48074c96885f52222,5,5001,9972605221,202
631677c48074c96885f52224,5,5001,9972540469,202
631677c48074c96885f52227,5,5001,9972475717,202
631677c48074c96885f52233,5,5001,9972459529,203
631677c48074c96885f52236,5,5001,9972443341,203
631677c48074c96885f52238,5,5001,9972378589,203
631677c48074c96885f5223b,5,5001,9972313837,203
631677c48074c96885f52247,5,5001,9972297649,204
631677c48074c96885f5224a,5,5001,9972281461,204
631677c48074c96885f5224c,5,5001,9972216709,204
631677c48074c96885f5224f,5,5001,9972151957,204
631677c48074c96885f5225b,5,5001,9972135769,205
631677c48074c96885f5225e,5,5001,9972119581,205
631677c48074c96885f52260,5,5001,9972054829,205
631677c48074c96885f52263,5,5001,9971990077,205
631677c48074c96885f5226f,5,5001,9971973889,206
631677c48074c96885f52272,5,5001,9971957701,206
631677c58074c96885f52274,5,5001,9971892949,206
631677c58074c96885f52277,5,5001,9971828197,206
631677c58074c96885f52283,5,5001,9971812009,207
631677c58074c96885f52286,5,5001,9971795821,207
631677c58074c96885f52288,5,5001,9971731069,207
631677c58074c96885f5228b,5,5001,9971666317,207
631677c58074c96885f52297,5,5001,9971650129,208
631677c58074c96885f5229a,5,5001,9971633941,208
631677c58074c96885f5229c,5,5001,9971569189,208
631677c58074c96885f5229f,5,5001,9971504437,208
631677c58074c96885f522ab,5,5001,9971488249,209
631677c58074c96885f522ae,5,5001,9971472061,209
631677c58074c96885f522b0,5,5001,9971407309,209
631677c58074c96885f522b3,5,5001,9971342557,209
631677c58074c96885f522bf,5,5001,9971327611,210
631677c58074c96885f522c2,5,5001,9971312665,210
631677c58074c96885f522c4,5,5001,9971252881,210
631677c58074c96885f522c7,5,5001,9971193097,210
631677c58074c96885f522d3,5,5001,9971178151,211
631677c58074c96885f522d6,5,5001,9971163205,211
631677c58074c96885f522d8,5,5001,9971103421,211
631677c58074c96885f522db,5,5001,9971043637,211
631677c58074c96885f522e7,5,5001,9971028691,212
631677c58074c96885f522ea,5,5001,9971013745,212
631677c68074c96885f522ec,5,5001,9970953961,212
631677c68074c96885f522ef,5,5001,9970894177,212
631677c68074c96885f522fb,5,5001,9970879231,213
631677c68074c96885f522fe,5,5001,9970864285,213
631677c68074c96885f52300,5,5001,9970804501,213
631677c68074c96885f52303,5,5001,9970744717,213
631677c68074c96885f5230f,5,5001,9970729771,214
631677c68074c96885f52312,5,5001,9970714825,214
631677c68074c96885f52314,5,5001,9970655041,214
631677c68074c96885f52317,5,5001,9970595257,214
631677c68074c96885f52323,5,5001,9970580311,215
631677c68074c96885f52326,5,5001,9970565365,215
631677c68074c96885f52328,5,5001,9970505581,215
631677c68074c96885f5232b,5,5001,9970445797,215
631677c68074c96885f52337,5,5001,9970430851,216
631677c68074c96885f5233a,5,5001,9970415905,216
631677c68074c96885f5233c,5,5001,9970356121,216
631677c68074c96885f5233f,5,5001,9970296337,216
631677c68074c96885f5234b,5,5001,9970281391,217
631677c68074c96885f5234e,5,5001,9970266445,217
631677c68074c96885f52350,5,5001,9970206661,217
631677c68074c96885f52353,5,5001,9970146877,217
631677c68074c96885f5235f,5,5001,9970131931,218
631677c68074c96885f52362,5,5001,9970116985,218
631677c68074c96885f52364,5,5001,9970057201,218
631677c68074c96885f52367,5,5001,9969997417,218
631677c78074c96885f52373,5,5001,9969982471,219
631677c78074c96885f52376,5,5001,9969967525,219
631677c78074c96885f52378,5,5001,9969907741,219
631677c78074c96885f5237b,5,5001,9969847957,219
631677c78074c96885f52387,5,5001,9969831622,220
631677c78074c96885f5238a,5,5001,9969815287,220
631677c78074c96885f5238c,5,5001,9969749947,220
631677c78074c96885f5238f,5,5001,9969684607,220
631677c78074c96885f5239b,5,5001,9969668272,221
631677c78074c96885f5239e,5,5001,9969651937,221
631677c78074c96885f523a0,5,5001,9969586597,221
631677c78074c96885f523a3,5,5001,9969521257,221
631677c78074c96885f523af,5,5001,9969504922,222
631677c78074c96885f523b2,5,5001,9969488587,222
631677c78074c96885f523b4,5,5001,9969423247,222
631677c78074c96885f523b7,5,5001,9969357907,222
631677c78074c96885f523c3,5,5001,9969341572,223
631677c78074c96885f523c6,5,5001,9969325237,223
631677c78074c96885f523c8,5,5001,9969259897,223
631677c78074c96885f523cb,5,5001,9969194557,223
631677c78074c96885f523d7,5,5001,9969178222,224
631677c78074c96885f523da,5,5001,9969161887,224
631677c78074c96885f523dc,5,5001,9969096547,224
631677c88074c96885f523df,5,5001,9969031207,224
631677c88074c96885f523eb,5,5001,9969014872,225
631677c88074c96885f523ee,5,5001,9968998537,225
631677c88074c96885f523f0,5,5001,9968933197,225
631677c88074c96885f523f3,5,5001,9968867857,225
631677c88074c96885f523ff,5,5001,9968851522,226
631677c88074c96885f52402,5,5001,9968835187,226
631677c88074c96885f52404,5,5001,9968769847,226
631677c88074c96885f52407,5,5001,9968704507,226
631677c88074c96885f52413,5,5001,9968688172,227
631677c88074c96885f52416,5,5001,9968671837,227
631677c88074c96885f52418,5,5001,9968606497,227
631677c88074c96885f5241b,5,5001,9968541157,227
631677c88074c96885f52427,5,5001,9968524822,228
631677c88074c96885f5242a,5,5001,9968508487,228
631677c88074c96885f5242c,5,5001,9968443147,228
631677c88074c96885f5242f,5,5001,9968377807,228
631677c88074c96885f5243b,5,5001,9968361472,229
631677c88074c96885f5243e,5,5001,9968345137,229
631677c88074c96885f52440,5,5001,9968279797,229
631677c88074c96885f52443,5,5001,9968214457,229
631677c88074c96885f5244f,5,5001,9968203099,230
631677c88074c96885f52452,5,5001,9968191741,230
631677c88074c96885f52454,5,5001,9968146309,230
631677c88074c96885f52457,5,5001,9968100877,230
631677c98074c96885f52463,5,5001,9968089519,231
631677c98074c96885f52466,5,5001,9968078161,231
631677c98074c96885f52468,5,5001,9968032729,231
631677c98074c96885f5246b,5,5001,9967987297,231
631677c98074c96885f52477,5,5001,9967975939,232
631677c98074c96885f5247a,5,5001,9967964581,232
631677c98074c96885f5247c,5,5001,9967919149,232
631677c98074c96885f5247f,5,5001,9967873717,232
631677c98074c96885f5248b,5,5001,9967862359,233
631677c98074c96885f5248e,5,5001,9967851001,233
631677c98074c96885f52490,5,5001,9967805569,233
631677c98074c96885f52493,5,5001,9967760137,233
631677c98074c96885f5249f,5,5001,9967748779,234
631677c98074c96885f524a2,5,5001,9967737421,234
631677c98074c96885f524a4,5,5001,9967691989,234
631677c98074c96885f524a7,5,5001,9967646557,234
631677c98074c96885f524b3,5,5001,9967635199,235
631677c98074c96885f524b6,5,5001,9967623841,235
631677c98074c96885f524b8,5,5001,9967578409,235
631677c98074c96885f524bb,5,5001,9967532977,235
631677c98074c96885f524c7,5,5001,9967521619,236
631677c98074c96885f524ca,5,5001,9967510261,236
631677c98074c96885f524cc,5,5001,9967464829,236
631677c98074c96885f524cf,5,5001,9967419397,236
631677ca8074c96885f524db,5,5001,9967408039,237
631677ca8074c96885f524de,5,5001,9967396681,237
631677ca8074c96885f524e0,5,5001,9967351249,237
631677ca8074c96885f524e3,5,5001,9967305817,237
631677ca8074c96885f524ef,5,5001,9967294459,238
631677ca8074c96885f524f2,5,5001,9967283101,238
631677ca8074c96885f524f4,5,5001,9967237669,238
631677ca8074c96885f524f7,5,5001,9967192237,238
631677ca8074c96885f52503,5,5001,9967180879,239
631677ca8074c96885f52506,5,5001,9967169521,239
631677ca8074c96885f52508,5,5001,9967124089,239
631677ca8074c96885f5250b,5,5001,9967078657,239
631677ca8074c96885f52517,5,5001,9967066288,240
631677ca8074c96885f5251a,5,5001,9967053919,240
631677ca8074c96885f5251c,5,5001,9967004443,240
631677ca8074c96885f5251f,5,5001,9966954967,240
631677ca8074c96885f5252b,5,5001,9966942598,241
631677ca8074c96885f5252e,5,5001,9966930229,241
631677ca8074c96885f52530,5,5001,9966880753,241
631677ca8074c96885f52533,5,5001,9966831277,241
631677ca8074c96885f5253f,5,5001,9966818908,242
631677ca8074c96885f52542,5,5001,9966806539,242
631677ca8074c96885f52544,5,5001,9966757063,242
631677ca8074c96885f52547,5,5001,9966707587,242
631677cb8074c96885f52553,5,5001,9966695218,243
631677cb8074c96885f52556,5,5001,9966682849,243
631677cb8074c96885f52558,5,5001,9966633373,243
631677cb8074c96885f5255b,5,5001,9966583897,243
631677cb8074c96885f52567,5,5001,9966571528,244
631677cb8074c96885f5256a,5,5001,9966559159,244
631677cb8074c96885f5256c,5,5001,9966509683,244
631677cb8074c96885f5256f,5,5001,9966460207,244
631677cb8074c96885f5257b,5,5001,9966447838,245
631677cb8074c96885f5257e,5,5001,9966435469,245
631677cb8074c96885f52580,5,5001,9966385993,245
631677cb8074c96885f52583,5,5001,9966336517,245
631677cb8074c96885f5258f,5,5001,9966324148,246
631677cb8074c96885f52592,5,5001,9966311779,246
631677cb8074c96885f52594,5,5001,9966262303,246
631677cb8074c96885f52597,5,5001,9966212827,246
631677cb8074c96885f525a3,5,5001,9966200458,247
631677cb8074c96885f525a6,5,5001,9966188089,247
631677cb8074c96885f525a8,5,5001,9966138613,247
631677cb8074c96885f525ab,5,5001,9966089137,247
631677cb8074c96885f525b7,5,5001,9966076768,248
631677cb8074c96885f525ba,5,5001,9966064399,248
631677cb8074c96885f525bc,5,5001,9966014923,248
631677cb8074c96885f525bf,5,5001,9965965447,248
631677cc8074c96885f525cb,5,5001,9965953078,249
631677cc8074c96885f525ce,5,5001,9965940709,249
631677cc8074c96885f525d0,5,5001,9965891233,249
631677cc8074c96885f525d3,5,5001,9965841757,249
631677cc8074c96885f525df,5,5001,9965826424,250
631677cc8074c96885f525e2,5,5001,9965811091,250
631677cc8074c96885f525e4,5,5001,9965749759,250
631677cc8074c96885f525e7,5,5001,9965688427,250
631677cc8074c96885f525f3,5,5001,9965673094,251
631677cc8074c96885f525f6,5,5001,9965657761,251
631677cc8074c96885f525f8,5,5001,9965596429,251
631677cc8074c96885f525fb,5,5001,9965535097,251
631677cc8074c96885f52607,5,5001,9965519764,252
631677cc8074c96885f5260a,5,5001,9965504431,252
631677cc8074c96885f5260c,5,5001,9965443099,252
631677cc8074c96885f5260f,5,5001,9965381767,252
631677cc8074c96885f5261b,5,5001,9965366434,253
631677cc8074c96885f5261e,5,5001,9965351101,253
631677cc8074c96885f52620,5,5001,9965289769,253
631677cc8074c96885f52623,5,5001,9965228437,253
631677cc8074c96885f5262f,5,5001,9965213104,254
631677cc8074c96885f52632,5,5001,9965197771,254
631677cc8074c96885f52634,5,5001,9965136439,254
631677cc8074c96885f52637,5,5001,9965075107,254
631677cc8074c96885f52643,5,5001,9965059774,255
631677cc8074c96885f52646,5,5001,9965044441,255
631677cd8074c96885f52648,5,5001,9964983109,255
631677cd8074c96885f5264b,5,5001,9964921777,255
631677cd8074c96885f52657,5,5001,9964906444,256
631677cd8074c96885f5265a,5,5001,9964891111,256
631677cd8074c96885f5265c,5,5001,9964829779,256
631677cd8074c96885f5265f,5,5001,9964768447,256
631677cd8074c96885f5266b,5,5001,9964753114,257
631677cd8074c96885f5266e,5,5001,9964737781,257
631677cd8074c96885f52670,5,5001,9964676449,257
631677cd8074c96885f52673,5,5001,9964615117,257
631677cd8074c96885f5267f,5,5001,9964599784,258
631677cd8074c96885f52682,5,5001,9964584451,258
631677cd8074c96885f52684,5,5001,9964523119,258
631677cd8074c96885f52687,5,5001,9964461787,258
631677cd8074c96885f52693,5,5001,9964446454,259
631677cd8074c96885f52696,5,5001,9964431121,259
631677cd8074c96885f52698,5,5001,9964369789,259
631677cd8074c96885f5269b,5,5001,9964308457,259
631677cd8074c96885f526a7,5,5001,9964292872,260
631677cd8074c96885f526aa,5,5001,9964277287,260
631677cd8074c96885f526ac,5,5001,9964214947,260
631677cd8074c96885f526af,5,5001,9964152607,260
631677cd8074c96885f526bb,5,5001,9964137022,261
631677cd8074c96885f526be,5,5001,9964121437,261
631677cd8074c96885f526c0,5,5001,9964059097,261
631677cd8074c96885f526c3,5,5001,9963996757,261
631677ce8074c96885f526cf,5,5001,9963981172,262
631677ce8074c96885f526d2,5,5001,9963965587,262
631677ce8074c96885f526d4,5,5001,9963903247,262
631677ce8074c96885f526d7,5,5001,9963840907,262
631677ce8074c96885f526e3,5,5001,9963825322,263
631677ce8074c96885f526e6,5,5001,9963809737,263
631677ce8074c96885f526e8,5,5001,9963747397,263
631677ce8074c96885f526eb,5,5001,9963685057,263
631677ce8074c96885f526f7,5,5001,9963669472,264
631677ce8074c96885f526fa,5,5001,9963653887,264
631677ce8074c96885f526fc,5,5001,9963591547,264
631677ce8074c96885f526ff,5,5001,9963529207,264
631677ce8074c96885f5270b,5,5001,9963513622,265
631677ce8074c96885f5270e,5,5001,9963498037,265
631677ce8074c96885f52710,5,5001,9963435697,265
631677ce8074c96885f52713,5,5001,9963373357,265
631677ce8074c96885f5271f,5,5001,9963357772,266
631677ce8074c96885f52722,5,5001,9963342187,266
631677ce8074c96885f52724,5,5001,9963279847,266
631677ce8074c96885f52727,5,5001,9963217507,266
631677ce8074c96885f52733,5,5001,9963201922,267
631677ce8074c96885f52736,5,5001,9963186337,267
631677ce8074c96885f52738,5,5001,9963123997,267
631677ce8074c96885f5273b,5,5001,9963061657,267
631677ce8074c96885f52747,5,5001,9963046072,268
631677ce8074c96885f5274a,5,5001,9963030487,268
631677ce8074c96885f5274c,5,5001,9962968147,268
631677ce8074c96885f5274f,5,5001,9962905807,268
631677ce8074c96885f5275b,5,5001,9962890222,269
631677cf8074c96885f5275e,5,5001,9962874637,269
631677cf8074c96885f52760,5,5001,9962812297,269
631677cf8074c96885f52763,5,5001,9962749957,269
631677cf8074c96885f5276f,5,5001,9962734502,270
631677cf8074c96885f52772,5,5001,9962719047,270
631677cf8074c96885f52774,5,5001,9962657227,270
631677cf8074c96885f52777,5,5001,9962595407,270
631677cf8074c96885f52783,5,5001,9962579952,271
631677cf8074c96885f52786,5,5001,9962564497,271
631677cf8074c96885f52788,5,5001,9962502677,271
631677cf8074c96885f5278b,5,5001,9962440857,271
631677cf8074c96885f52797,5,5001,9962425402,272
631677cf8074c96885f5279a,5,5001,9962409947,272
631677cf8074c96885f5279c,5,5001,9962348127,272
631677cf8074c96885f5279f,5,5001,9962286307,272
631677cf8074c96885f527ab,5,5001,9962270852,273
631677cf8074c96885f527ae,5,5001,9962255397,273
631677cf8074c96885f527b0,5,5001,9962193577,273
631677cf8074c96885f527b3,5,5001,9962131757,273
631677cf8074c96885f527bf,5,5001,9962116302,274
631677cf8074c96885f527c2,5,5001,9962100847,274
631677cf8074c96885f527c4,5,5001,9962039027,274
631677cf8074c96885f527c7,5,5001,9961977207,274
631677cf8074c96885f527d3,5,5001,9961961752,275
631677cf8074c96885f527d6,5,5001,9961946297,275
631677cf8074c96885f527d8,5,5001,9961884477,275
631677cf8074c96885f527db,5,5001,9961822657,275
631677cf8074c96885f527e7,5,5001,9961807202,276
631677cf8074c96885f527ea,5,5001,9961791747,276
631677cf8074c96885f527ec,5,5001,9961729927,276
631677cf8074c96885f527ef,5,5001,9961668107,276
631677d08074c96885f527fb,5,5001,9961652652,277
631677d08074c96885f527fe,5,5001,9961637197,277
631677d08074c96885f52800,5,5001,9961575377,277
631677d08074c96885f52803,5,5001,9961513557,277
631677d08074c96885f5280f,5,5001,9961498102,278
631677d08074c96885f52812,5,5001,9961482647,278
631677d08074c96885f52814,5,5001,9961420827,278
631677d08074c96885f52817,5,5001,9961359007,278
631677d08074c96885f52823,5,5001,9961343552,279
631677d08074c96885f52826,5,5001,9961328097,279
631677d08074c96885f52828,5,5001,9961266277,279
631677d08074c96885f5282b,5,5001,9961204457,279
631677d08074c96885f52837,5,5001,9961186681,280
631677d08074c96885f5283a,5,5001,9961168905,280
631677d08074c96885f5283c,5,5001,9961097801,280
631677d08074c96885f5283f,5,5001,9961026697,280
631677d08074c96885f5284b,5,5001,9961008921,281
631677d08074c96885f5284e,5,5001,9960991145,281
631677d08074c96885f52850,5,5001,9960920041,281
631677d08074c96885f52853,5,5001,9960848937,281
631677d08074c96885f5285f,5,5001,9960831161,282
631677d08074c96885f52862,5,5001,9960813385,282
631677d08074c96885f52864,5,5001,9960742281,282
631677d08074c96885f52867,5,5001,9960671177,282
631677d08074c96885f52873,5,5001,9960653401,283
631677d08074c96885f52876,5,5001,9960635625,283
631677d08074c96885f52878,5,5001,9960564521,283
631677d08074c96885f5287b,5,5001,9960493417,283
631677d18074c96885f52887,5,5001,9960475641,284
631677d18074c96885f5288a,5,5001,9960457865,284
631677d18074c96885f5288c,5,5001,9960386761,284
631677d18074c96885f5288f,5,5001,9960315657,284
631677d18074c96885f5289b,5,5001,9960297881,285
631677d18074c96885f5289e,5,5001,9960280105,285
631677d18074c96885f528a0,5,5001,9960209001,285
631677d18074c96885f528a3,5,5001,9960137897,285
631677d18074c96885f528af,5,5001,9960120121,286
631677d18074c96885f528b2,5,5001,9960102345,286
631677d18074c96885f528b4,5,5001,9960031241,286
631677d18074c96885f528b7,5,5001,9959960137,286
631677d18074c96885f528c3,5,5001,9959942361,287
631677d18074c96885f528c6,5,5001,9959924585,287
631677d18074c96885f528c8,5,5001,9959853481,287
631677d18074c96885f528cb,5,5001,9959782377,287
631677d18074c96885f528d7,5,5001,9959764601,288
631677d18074c96885f528da,5,5001,9959746825,288
631677d18074c96885f528dc,5,5001,9959675721,288
631677d18074c96885f528df,5,5001,9959604617,288
631677d18074c96885f528eb,5,5001,9959586841,289
631677d18074c96885f528ee,5,5001,9959569065,289
631677d18074c96885f528f0,5,5001,9959497961,289
631677d18074c96885f528f3,5,5001,9959426857,289
631677d18074c96885f528ff,5,5001,9959411165,290
631677d18074c96885f52902,5,5001,9959395473,290
631677d18074c96885f52904,5,5001,9959332705,290
631677d18074c96885f52907,5,5001,9959269937,290
631677d28074c96885f52913,5,5001,9959254245,291
631677d28074c96885f52916,5,5001,9959238553,291
631677d28074c96885f52918,5,5001,9959175785,291
631677d28074c96885f5291b,5,5001,9959113017,291
631677d28074c96885f52927,5,5001,9959097325,292
631677d28074c96885f5292a,5,5001,9959081633,292
631677d28074c96885f5292c,5,5001,9959018865,292
631677d28074c96885f5292f,5,5001,9958956097,292
631677d28074c96885f5293b,5,5001,9958940405,293
631677d28074c96885f5293e,5,5001,9958924713,293
631677d28074c96885f52940,5,5001,9958861945,293
631677d28074c96885f52943,5,5001,9958799177,293
631677d28074c96885f5294f,5,5001,9958783485,294
631677d28074c96885f52952,5,5001,9958767793,294
631677d28074c96885f52954,5,5001,9958705025,294
631677d28074c96885f52957,5,5001,9958642257,294
631677d28074c96885f52963,5,5001,9958626565,295
631677d28074c96885f52966,5,5001,9958610873,295
631677d28074c96885f52968,5,5001,9958548105,295
631677d28074c96885f5296b,5,5001,9958485337,295
631677d28074c96885f52977,5,5001,9958469645,296
631677d28074c96885f5297a,5,5001,9958453953,296
631677d28074c96885f5297c,5,5001,9958391185,296
631677d28074c96885f5297f,5,5001,9958328417,296
631677d28074c96885f5298b,5,5001,9958312725,297
631677d28074c96885f5298e,5,5001,9958297033,297
631677d28074c96885f52990,5,5001,9958234265,297
631677d28074c96885f52993,5,5001,9958171497,297
631677d28074c96885f5299f,5,5001,9958155805,298
631677d28074c96885f529a2,5,5001,9958140113,298
631677d28074c96885f529a4,5,5001,9958077345,298
631677d28074c96885f529a7,5,5001,9958014577,298
631677d38074c96885f529b3,5,5001,9957998885,299
631677d38074c96885f529b6,5,5001,9957983193,299
631677d38074c96885f529b8,5,5001,9957920425,299
631677d38074c96885f529bb,5,5001,9957857657,299
631677d38074c96885f529c7,5,5001,9957841553,300
631677d38074c96885f529ca,5,5001,9957825449,300
631677d38074c96885f529cc,5,5001,9957761033,300
631677d38074c96885f529cf,5,5001,9957696617,300
631677d38074c96885f529db,5,5001,9957680513,301
631677d38074c96885f529de,5,5001,9957664409,301
631677d38074c96885f529e0,5,5001,9957599993,301
631677d38074c96885f529e3,5,5001,9957535577,301
631677d38074c96885f529ef,5,5001,9957519473,302
631677d38074c96885f529f2,5,5001,9957503369,302
631677d38074c96885f529f4,5,5001,9957438953,302
631677d38074c96885f529f7,5,5001,9957374537,302
631677d38074c96885f52a03,5,5001,9957358433,303
631677d38074c96885f52a06,5,5001,9957342329,303
631677d38074c96885f52a08,5,5001,9957277913,303
631677d38074c96885f52a0b,5,5001,9957213497,303
631677d38074c96885f52a17,5,5001,9957197393,304
631677d38074c96885f52a1a,5,5001,9957181289,304
631677d38074c96885f52a1c,5,5001,9957116873,304
631677d38074c96885f52a1f,5,5001,9957052457,304
631677d38074c96885f52a2b,5,5001,9957036353,305
631677d38074c96885f52a2e,5,5001,9957020249,305
631677d38074c96885f52a30,5,5001,9956955833,305
631677d38074c96885f52a33,5,5001,9956891417,305
631677d38074c96885f52a3f,5,5001,9956875313,306
631677d48074c96885f52a42,5,5001,9956859209,306
631677d48074c96885f52a44,5,5001,9956794793,306
631677d48074c96885f52a47,5,5001,9956730377,306
631677d48074c96885f52a53,5,5001,9956714273,307
631677d48074c96885f52a56,5,5001,9956698169,307
631677d48074c96885f52a58,5,5001,9956633753,307
631677d48074c96885f52a5b,5,5001,9956569337,307
631677d48074c96885f52a67,5,5001,9956553233,308
631677d48074c96885f52a6a,5,5001,9956537129,308
631677d48074c96885f52a6c,5,5001,9956472713,308
631677d48074c96885f52a6f,5,5001,9956408297,308
631677d48074c96885f52a7b,5,5001,9956392193,309
631677d48074c96885f52a7e,5,5001,9956376089,309
631677d48074c96885f52a80,5,5001,9956311673,309
631677d48074c96885f52a83,5,5001,9956247257,309
631677d48074c96885f52a8f,5,5001,9956231433,310
631677d48074c96885f52a92,5,5001,9956215609,310
631677d48074c96885f52a94,5,5001,9956152313,310
631677d48074c96885f52a97,5,5001,9956089017,310
631677d48074c96885f52aa3,5,5001,9956073193,311
631677d48074c96885f52aa6,5,5001,9956057369,311
631677d48074c96885f52aa8,5,5001,9955994073,311
631677d48074c96885f52aab,5,5001,9955930777,311
631677d48074c96885f52ab7,5,5001,9955914953,312
631677d48074c96885f52aba,5,5001,9955899129,312
631677d48074c96885f52abc,5,5001,9955835833,312
631677d48074c96885f52abf,5,5001,9955772537,312
631677d48074c96885f52acb,5,5001,9955756713,313
631677d48074c96885f52ace,5,5001,9955740889,313
631677d48074c96885f52ad0,5,5001,9955677593,313
631677d58074c96885f52ad3,5,5001,9955614297,313
631677d58074c96885f52adf,5,5001,9955598473,314
631677d58074c96885f52ae2,5,5001,9955582649,314
631677d58074c96885f52ae4,5,5001,9955519353,314
631677d58074c96885f52ae7,5,5001,9955456057,314
631677d58074c96885f52af3,5,5001,9955440233,315
631677d58074c96885f52af6,5,5001,9955424409,315
631677d58074c96885f52af8,5,5001,9955361113,315
631677d58074c96885f52afb,5,5001,9955297817,315
631677d58074c96885f52b07,5,5001,9955281993,316
631677d58074c96885f52b0a,5,5001,9955266169,316
631677d58074c96885f52b0c,5,5001,9955202873,316
631677d58074c96885f52b0f,5,5001,9955139577,316
631677d58074c96885f52b1b,5,5001,9955123753,317
631677d58074c96885f52b1e,5,5001,9955107929,317
631677d58074c96885f52b20,5,5001,9955044633,317
631677d58074c96885f52b23,5,5001,9954981337,317
631677d58074c96885f52b2f,5,5001,9954965513,318
631677d58074c96885f52b32,5,5001,9954949689,318
631677d58074c96885f52b34,5,5001,9954886393,318
631677d58074c96885f52b37,5,5001,9954823097,318
631677d58074c96885f52b43,5,5001,9954807273,319
631677d58074c96885f52b46,5,5001,9954791449,319
631677d58074c96885f52b48,5,5001,9954728153,319
631677d58074c96885f52b4b,5,5001,9954664857,319
631677d58074c96885f52b57,5,5001,9954649244,320
631677d58074c96885f52b5a,5,5001,9954633631,320
631677d58074c96885f52b5c,5,5001,9954571179,320
631677d58074c96885f52b5f,5,5001,9954508727,320
631677d68074c96885f52b6b,5,5001,9954493114,321
631677d68074c96885f52b6e,5,5001,9954477501,321
631677d68074c96885f52b70,5,5001,9954415049,321
631677d68074c96885f52b73,5,5001,9954352597,321
631677d68074c96885f52b7f,5,5001,9954336984,322
631677d68074c96885f52b82,5,5001,9954321371,322
631677d68074c96885f52b84,5,5001,9954258919,322
631677d68074c96885f52b87,5,5001,9954196467,322
631677d68074c96885f52b93,5,5001,9954180854,323
631677d68074c96885f52b96,5,5001,9954165241,323
631677d68074c96885f52b98,5,5001,9954102789,323
631677d68074c96885f52b9b,5,5001,9954040337,323
631677d68074c96885f52ba7,5,5001,9954024724,324
631677d68074c96885f52baa,5,5001,9954009111,324
631677d68074c96885f52bac,5,5001,9953946659,324
631677d68074c96885f52baf,5,5001,9953884207,324
631677d68074c96885f52bbb,5,5001,9953868594,325
631677d68074c96885f52bbe,5,5001,9953852981,325
631677d68074c96885f52bc0,5,5001,9953790529,325
631677d68074c96885f52bc3,5,5001,9953728077,325
631677d68074c96885f52bcf,5,5001,9953712464,326
631677d68074c96885f52bd2,5,5001,9953696851,326
631677d68074c96885f52bd4,5,5001,9953634399,326
631677d68074c96885f52bd7,5,5001,9953571947,326
631677d68074c96885f52be3,5,5001,9953556334,327
631677d68074c96885f52be6,5,5001,9953540721,327
631677d68074c96885f52be8,5,5001,9953478269,327
631677d68074c96885f52beb,5,5001,9953415817,327
631677d78074c96885f52bf7,5,5001,9953400204,328
631677d78074c96885f52bfa,5,5001,9953384591,328
631677d78074c96885f52bfc,5,5001,9953322139,328
631677d78074c96885f52bff,5,5001,9953259687,328
631677d78074c96885f52c0b,5,5001,9953244074,329
631677d78074c96885f52c0e,5,5001,9953228461,329
631677d78074c96885f52c10,5,5001,9953166009,329
631677d78074c96885f52c13,5,5001,9953103557,329
631677d78074c96885f52c1f,5,5001,9953086661,330
631677d78074c96885f52c22,5,5001,9953069765,330
631677d78074c96885f52c24,5,5001,9953002181,330
631677d78074c96885f52c27,5,5001,9952934597,330
631677d78074c96885f52c33,5,5001,9952917701,331
631677d78074c96885f52c36,5,5001,9952900805,331
631677d78074c96885f52c38,5,5001,9952833221,331
631677d78074c96885f52c3b,5,5001,9952765637,331
631677d78074c96885f52c47,5,5001,9952748741,332
631677d78074c96885f52c4a,5,5001,9952731845,332
631677d78074c96885f52c4c,5,5001,9952664261,332
631677d78074c96885f52c4f,5,5001,9952596677,332
631677d78074c96885f52c5b,5,5001,9952579781,333
631677d78074c96885f52c5e,5,5001,9952562885,333
631677d78074c96885f52c60,5,5001,9952495301,333
631677d78074c96885f52c63,5,5001,9952427717,333
631677d78074c96885f52c6f,5,5001,9952410821,334
631677d78074c96885f52c72,5,5001,9952393925,334
631677d78074c96885f52c74,5,5001,9952326341,334
631677d78074c96885f52c77,5,5001,9952258757,334
631677d88074c96885f52c83,5,5001,9952241861,335
631677d88074c96885f52c86,5,5001,9952224965,335
631677d88074c96885f52c88,5,5001,9952157381,335
631677d88074c96885f52c8b,5,5001,9952089797,335
631677d88074c96885f52c97,5,5001,9952072901,336
631677d88074c96885f52c9a,5,5001,9952056005,336
631677d88074c96885f52c9c,5,5001,9951988421,336
631677d88074c96885f52c9f,5,5001,9951920837,336
631677d88074c96885f52cab,5,5001,9951903941,337
631677d88074c96885f52cae,5,5001,9951887045,337
631677d88074c96885f52cb0,5,5001,9951819461,337
631677d88074c96885f52cb3,5,5001,9951751877,337
631677d88074c96885f52cbf,5,5001,9951734981,338
631677d88074c96885f52cc2,5,5001,9951718085,338
631677d88074c96885f52cc4,5,5001,9951650501,338
631677d88074c96885f52cc7,5,5001,9951582917,338
631677d88074c96885f52cd3,5,5001,9951566021,339
631677d88074c96885f52cd6,5,5001,9951549125,339
631677d88074c96885f52cd8,5,5001,9951481541,339
631677d88074c96885f52cdb,5,5001,9951413957,339
631677d88074c96885f52ce7,5,5001,9951395818,340
631677d88074c96885f52cea,5,5001,9951377679,340
631677d88074c96885f52cec,5,5001,9951305123,340
631677d88074c96885f52cef,5,5001,9951232567,340
631677d88074c96885f52cfb,5,5001,9951214428,341
631677d88074c96885f52cfe,5,5001,9951196289,341
631677d88074c96885f52d00,5,5001,9951123733,341
631677d88074c96885f52d03,5,5001,9951051177,341
631677d88074c96885f52d0f,5,5001,9951033038,342
631677d88074c96885f52d12,5,5001,9951014899,342
631677d88074c96885f52d14,5,5001,9950942343,342
631677d88074c96885f52d17,5,5001,9950869787,342
631677d98074c96885f52d23,5,5001,9950851648,343
631677d98074c96885f52d26,5,5001,9950833509,343
631677d98074c96885f52d28,5,5001,9950760953,343
631677d98074c96885f52d2b,5,5001,9950688397,343
631677d98074c96885f52d37,5,5001,9950670258,344
631677d98074c96885f52d3a,5,5001,9950652119,344
631677d98074c96885f52d3c,5,5001,9950579563,344
631677d98074c96885f52d3f,5,5001,9950507007,344
631677d98074c96885f52d4b,5,5001,9950488868,345
631677d98074c96885f52d4e,5,5001,9950470729,345
631677d98074c96885f52d50,5,5001,9950398173,345
631677d98074c96885f52d53,5,5001,9950325617,345
631677d98074c96885f52d5f,5,5001,9950307478,346
631677d98074c96885f52d62,5,5001,9950289339,346
631677d98074c96885f52d64,5,5001,9950216783,346
631677d98074c96885f52d67,5,5001,9950144227,346
631677d98074c96885f52d73,5,5001,9950126088,347
631677d98074c96885f52d76,5,5001,9950107949,347
631677d98074c96885f52d78,5,5001,9950035393,347
631677d98074c96885f52d7b,5,5001,9949962837,347
631677d98074c96885f52d87,5,5001,9949944698,348
631677d98074c96885f52d8a,5,5001,9949926559,348
631677d98074c96885f52d8c,5,5001,9949854003,348
631677d98074c96885f52d8f,5,5001,9949781447,348
631677d98074c96885f52d9b,5,5001,9949763308,349
631677d98074c96885f52d9e,5,5001,9949745169,349
631677d98074c96885f52da0,5,5001,9949672613,349
631677d98074c96885f52da3,5,5001,9949600057,349
631677da8074c96885f52daf,5,5001,9949588131,350
631677da8074c96885f52db2,5,5001,9949576205,350
631677da8074c96885f52db4,5,5001,9949528501,350
631677da8074c96885f52db7,5,5001,9949480797,350
631677da8074c96885f52dc3,5,5001,9949468871,351
631677da8074c96885f52dc6,5,5001,9949456945,351
631677da8074c96885f52dc8,5,5001,9949409241,351
631677da8074c96885f52dcb,5,5001,9949361537,351
631677da8074c96885f52dd7,5,5001,9949349611,352
631677da8074c96885f52dda,5,5001,9949337685,352
631677da8074c96885f52ddc,5,5001,9949289981,352
631677da8074c96885f52ddf,5,5001,9949242277,352
631677da8074c96885f52deb,5,5001,9949230351,353
631677da8074c96885f52dee,5,5001,9949218425,353
631677da8074c96885f52df0,5,5001,9949170721,353
631677da8074c96885f52df3,5,5001,9949123017,353
631677da8074c96885f52dff,5,5001,9949111091,354
631677da8074c96885f52e02,5,5001,9949099165,354
631677da8074c96885f52e04,5,5001,9949051461,354
631677da8074c96885f52e07,5,5001,9949003757,354
631677da8074c96885f52e13,5,5001,9948991831,355
631677da8074c96885f52e16,5,5001,9948979905,355
631677da8074c96885f52e18,5,5001,9948932201,355
631677da8074c96885f52e1b,5,5001,9948884497,355
631677da8074c96885f52e27,5,5001,9948872571,356
631677da8074c96885f52e2a,5,5001,9948860645,356
631677da8074c96885f52e2c,5,5001,9948812941,356
631677da8074c96885f52e2f,5,5001,9948765237,356
631677da8074c96885f52e3b,5,5001,9948753311,357
631677db8074c96885f52e3e,5,5001,9948741385,357
631677db8074c96885f52e40,5,5001,9948693681,357
631677db8074c96885f52e43,5,5001,9948645977,357
631677db8074c96885f52e4f,5,5001,9948634051,358
631677db8074c96885f52e52,5,5001,9948622125,358
631677db8074c96885f52e54,5,5001,9948574421,358
631677db8074c96885f52e57,5,5001,9948526717,358
631677db8074c96885f52e63,5,5001,9948514791,359
631677db8074c96885f52e66,5,5001,9948502865,359
631677db8074c96885f52e68,5,5001,9948455161,359
631677db8074c96885f52e6b,5,5001,9948407457,359
631677db8074c96885f52e77,5,5001,9948394128,360
631677db8074c96885f52e7a,5,5001,9948380799,360
631677db8074c96885f52e7c,5,5001,9948327483,360
631677db8074c96885f52e7f,5,5001,9948274167,360
631677db8074c96885f52e8b,5,5001,9948260838,361
631677db8074c96885f52e8e,5,5001,9948247509,361
631677db8074c96885f52e90,5,5001,9948194193,361
631677db8074c96885f52e93,5,5001,9948140877,361
631677db8074c96885f52e9f,5,5001,9948127548,362
631677db8074c96885f52ea2,5,5001,9948114219,362
631677db8074c96885f52ea4,5,5001,9948060903,362
631677db8074c96885f52ea7,5,5001,9948007587,362
631677db8074c96885f52eb3,5,5001,9947994258,363
631677db8074c96885f52eb6,5,5001,9947980929,363
631677db8074c96885f52eb8,5,5001,9947927613,363
631677db8074c96885f52ebb,5,5001,9947874297,363
631677dc8074c96885f52ec7,5,5001,9947860968,364
631677dc8074c96885f52eca,5,5001,9947847639,364
631677dc8074c96885f52ecc,5,5001,9947794323,364
631677dc8074c96885f52ecf,5,5001,9947741007,364
631677dc8074c96885f52edb,5,5001,9947727678,365
631677dc8074c96885f52ede,5,5001,9947714349,365
631677dc8074c96885f52ee0,5,5001,9947661033,365
631677dc8074c96885f52ee3,5,5001,9947607717,365
