;day;id;in_stock
0;1;1001;13648
1;1;2001;13648
2;1;3001;13648
3;1;4001;13648
4;1;5001;9999999999
5;1;0;0
6;2;1001;2815
7;2;2001;13648
8;2;3001;13648
9;2;4001;13648
10;2;5001;9999999999
11;2;0;0
12;3;1001;2815
13;3;2001;2815
14;3;3001;2815
15;3;4001;2815
16;3;5001;9999956667
17;3;0;0
18;4;1001;2815
19;4;2001;2815
20;4;3001;2815
21;4;4001;2815
22;4;5001;9999848337
23;4;0;0
24;5;1001;2815
25;5;2001;2815
26;5;3001;2815
27;5;4001;2815
28;5;5001;9999740007
29;5;0;0
30;6;1001;2815
31;6;2001;2815
32;6;3001;2815
33;6;4001;2815
34;6;5001;9999631677
35;6;0;0
36;7;1001;2815
37;7;2001;2815
38;7;3001;2815
39;7;4001;2815
40;7;5001;9999523347
41;7;0;0
42;8;1001;2815
43;8;2001;2815
44;8;3001;2815
45;8;4001;2815
46;8;5001;9999415017
47;8;0;0
48;9;1001;2815
49;9;2001;2815
50;9;3001;2815
51;9;4001;2815
52;9;5001;9999306687
53;9;0;0
54;10;1001;2815
55;10;2001;2815
56;10;3001;2815
57;10;4001;2815
58;10;5001;9999198357
59;10;0;0
60;11;1001;2815
61;11;2001;2815
62;11;3001;2815
63;11;4001;2815
64;11;5001;9999075347
65;11;0;0
66;12;1001;2815
67;12;2001;2815
68;12;3001;2815
69;12;4001;2815
70;12;5001;9998952337
71;12;1001;10833
72;13;2001;10833
73;13;3001;10833
74;13;4001;10833
75;13;5001;43332
76;13;5001;9998829327
77;13;1001;10833
78;14;2001;10833
79;14;3001;10833
80;14;4001;10833
81;14;5001;54165
82;14;5001;9998706317
83;14;1001;10833
84;15;2001;10833
85;15;3001;10833
86;15;4001;10833
87;15;5001;64998
88;15;5001;9998583307
89;15;1001;10833
90;16;2001;10833
91;16;3001;10833
92;16;4001;10833
93;16;5001;75831
94;16;5001;9998460297
95;16;1001;10833
96;17;2001;10833
97;17;3001;10833
98;17;4001;10833
99;17;5001;86664
100;17;5001;9998337287
101;17;1001;10833
102;18;2001;10833
103;18;3001;10833
104;18;4001;10833
105;18;5001;97497
106;18;5001;9998214277
107;18;1001;10833
108;19;2001;10833
109;19;3001;10833
110;19;4001;10833
111;19;5001;108330
112;19;5001;9998091267
113;19;1001;10833
114;20;2001;10833
115;20;3001;10833
116;20;4001;10833
117;20;5001;119163
118;20;5001;9997968257
119;20;1001;10833
120;21;2001;10833
121;21;3001;10833
122;21;4001;10833
123;21;5001;162495
124;21;5001;9997838817
125;21;1001;10833
126;22;2001;10833
127;22;3001;10833
128;22;4001;10833
129;22;5001;205827
130;22;5001;9997709377
131;22;1001;10833
132;23;2001;10833
133;23;3001;10833
134;23;4001;10833
135;23;5001;216660
136;23;5001;9997579937
137;23;1001;10833
138;24;2001;10833
139;24;3001;10833
140;24;4001;10833
141;24;5001;227493
142;24;5001;9997450497
143;24;1001;10833
144;25;2001;10833
145;25;3001;10833
146;25;4001;10833
147;25;5001;270825
148;25;5001;9997321057
149;25;1001;10833
150;26;2001;10833
151;26;3001;10833
152;26;4001;10833
153;26;5001;314157
154;26;5001;9997191617
155;26;1001;10833
156;27;2001;10833
157;27;3001;10833
158;27;4001;10833
159;27;5001;324990
160;27;5001;9997062177
161;27;1001;10833
162;28;2001;10833
163;28;3001;10833
164;28;4001;10833
165;28;5001;335823
166;28;5001;9996932737
167;28;1001;10833
168;29;2001;10833
169;29;3001;10833
170;29;4001;10833
171;29;5001;379155
172;29;5001;9996803297
173;29;1001;10833
174;30;2001;10833
175;30;3001;10833
176;30;4001;10833
177;30;5001;389988
178;30;5001;9996673857
179;30;1001;10833
180;31;2001;10833
181;31;3001;10833
182;31;4001;10833
183;31;5001;433320
184;31;5001;9996529557
185;31;1001;10833
186;32;2001;10833
187;32;3001;10833
188;32;4001;10833
189;32;5001;476652
190;32;5001;9996385257
191;32;1001;10833
192;33;2001;10833
193;33;3001;10833
194;33;4001;10833
195;33;5001;487485
196;33;5001;9996240957
197;33;1001;10833
198;34;2001;10833
199;34;3001;10833
200;34;4001;10833
201;34;5001;498318
202;34;5001;9996096657
203;34;1001;10833
204;35;2001;10833
205;35;3001;10833
206;35;4001;10833
207;35;5001;541650
208;35;5001;9995952357
209;35;1001;10833
210;36;2001;10833
211;36;3001;10833
212;36;4001;10833
213;36;5001;584982
214;36;5001;9995808057
215;36;1001;10833
216;37;2001;10833
217;37;3001;10833
218;37;4001;10833
219;37;5001;595815
220;37;5001;9995663757
221;37;1001;10833
222;38;2001;10833
223;38;3001;10833
224;38;4001;10833
225;38;5001;606648
226;38;5001;9995519457
227;38;1001;10833
228;39;2001;10833
229;39;3001;10833
230;39;4001;10833
231;39;5001;649980
232;39;5001;9995375157
233;39;1001;10833
234;40;2001;10833
235;40;3001;10833
236;40;4001;10833
237;40;5001;693312
238;40;5001;9995230857
239;40;1001;10833
240;41;2001;10833
241;41;3001;10833
242;41;4001;10833
243;41;5001;704145
244;41;5001;9995089407
245;41;1001;10833
246;42;2001;10833
247;42;3001;10833
248;42;4001;10833
249;42;5001;714978
250;42;5001;9994947957
251;42;1001;10833
252;43;2001;10833
253;43;3001;10833
254;43;4001;10833
255;43;5001;758310
256;43;5001;9994806507
257;43;1001;10833
258;44;2001;10833
259;44;3001;10833
260;44;4001;10833
261;44;5001;801642
262;44;5001;9994665057
263;44;1001;10833
264;45;2001;10833
265;45;3001;10833
266;45;4001;10833
267;45;5001;813943
268;45;5001;9994523607
269;45;1001;10833
270;46;2001;10833
271;46;3001;10833
272;46;4001;10833
273;46;5001;826244
274;46;5001;9994382157
275;46;1001;10833
276;47;2001;10833
277;47;3001;10833
278;47;4001;10833
279;47;5001;875448
280;47;5001;9994240707
281;47;1001;10833
282;48;2001;10833
283;48;3001;10833
284;48;4001;10833
285;48;5001;924652
286;48;5001;9994099257
287;48;1001;10833
288;49;2001;10833
289;49;3001;10833
290;49;4001;10833
291;49;5001;936953
292;49;5001;9993957807
293;49;1001;10833
294;50;2001;10833
295;50;3001;10833
296;50;4001;10833
297;50;5001;949254
298;50;5001;9993816357
299;50;1001;10833
300;51;2001;10833
301;51;3001;10833
302;51;4001;10833
303;51;5001;949254
304;51;5001;9993682807
305;51;1001;10833
306;52;2001;10833
307;52;3001;10833
308;52;4001;10833
309;52;5001;949254
310;52;5001;9993549257
311;52;1001;10833
312;53;2001;10833
313;53;3001;10833
314;53;4001;10833
315;53;5001;949254
316;53;5001;9993415707
317;53;1001;10833
318;54;2001;10833
319;54;3001;10833
320;54;4001;10833
321;54;5001;949254
322;54;5001;9993282157
323;54;1001;10833
324;55;2001;10833
325;55;3001;10833
326;55;4001;10833
327;55;5001;949254
328;55;5001;9993148607
329;55;1001;10833
330;56;2001;10833
331;56;3001;10833
332;56;4001;10833
333;56;5001;949254
334;56;5001;9993015057
335;56;1001;10833
336;57;2001;10833
337;57;3001;10833
338;57;4001;10833
339;57;5001;949254
340;57;5001;9992881507
341;57;1001;10833
342;58;2001;10833
343;58;3001;10833
344;58;4001;10833
345;58;5001;949254
346;58;5001;9992747957
347;58;1001;10833
348;59;2001;10833
349;59;3001;10833
350;59;4001;10833
351;59;5001;949254
352;59;5001;9992614407
353;59;1001;10833
354;60;2001;10833
355;60;3001;10833
356;60;4001;10833
357;60;5001;949254
358;60;5001;9992480857
359;60;1001;10833
360;61;2001;10833
361;61;3001;10833
362;61;4001;10833
363;61;5001;949254
364;61;5001;9992340277
365;61;1001;10833
366;62;2001;10833
367;62;3001;10833
368;62;4001;10833
369;62;5001;949254
370;62;5001;9992199697
371;62;1001;10833
372;63;2001;10833
373;63;3001;10833
374;63;4001;10833
375;63;5001;949254
376;63;5001;9992059117
377;63;1001;10833
378;64;2001;10833
379;64;3001;10833
380;64;4001;10833
381;64;5001;949254
382;64;5001;9991918537
383;64;1001;10833
384;65;2001;10833
385;65;3001;10833
386;65;4001;10833
387;65;5001;949254
388;65;5001;9991777957
389;65;1001;10833
390;66;2001;10833
391;66;3001;10833
392;66;4001;10833
393;66;5001;949254
394;66;5001;9991637377
395;66;1001;10833
396;67;2001;10833
397;67;3001;10833
398;67;4001;10833
399;67;5001;949254
400;67;5001;9991496797
401;67;1001;10833
402;68;2001;10833
403;68;3001;10833
404;68;4001;10833
405;68;5001;949254
406;68;5001;9991356217
407;68;1001;10833
408;69;2001;10833
409;69;3001;10833
410;69;4001;10833
411;69;5001;949254
412;69;5001;9991215637
413;69;1001;10833
414;70;2001;10833
415;70;3001;10833
416;70;4001;10833
417;70;5001;949254
418;70;5001;9991075057
419;70;1001;10833
420;71;2001;10833
421;71;3001;10833
422;71;4001;10833
423;71;5001;949254
424;71;5001;9990945937
425;71;1001;10833
426;72;2001;10833
427;72;3001;10833
428;72;4001;10833
429;72;5001;949254
430;72;5001;9990816817
431;72;1001;10833
432;73;2001;10833
433;73;3001;10833
434;73;4001;10833
435;73;5001;949254
436;73;5001;9990687697
437;73;1001;10833
438;74;2001;10833
439;74;3001;10833
440;74;4001;10833
441;74;5001;949254
442;74;5001;9990558577
443;74;1001;10833
444;75;2001;10833
445;75;3001;10833
446;75;4001;10833
447;75;5001;949254
448;75;5001;9990429457
449;75;1001;10833
450;76;2001;10833
451;76;3001;10833
452;76;4001;10833
453;76;5001;949254
454;76;5001;9990300337
455;76;1001;10833
456;77;2001;10833
457;77;3001;10833
458;77;4001;10833
459;77;5001;949254
460;77;5001;9990171217
461;77;1001;10833
462;78;2001;10833
463;78;3001;10833
464;78;4001;10833
465;78;5001;949254
466;78;5001;9990042097
467;78;1001;10833
468;79;2001;10833
469;79;3001;10833
470;79;4001;10833
471;79;5001;949254
472;79;5001;9989912977
473;79;1001;10833
474;80;2001;10833
475;80;3001;10833
476;80;4001;10833
477;80;5001;949254
478;80;5001;9989783857
479;80;1001;10833
480;81;2001;10833
481;81;3001;10833
482;81;4001;10833
483;81;5001;949254
484;81;5001;9989639967
485;81;1001;10833
486;82;2001;10833
487;82;3001;10833
488;82;4001;10833
489;82;5001;949254
490;82;5001;9989496077
491;82;1001;10833
492;83;2001;10833
493;83;3001;10833
494;83;4001;10833
495;83;5001;949254
496;83;5001;9989352187
497;83;1001;10833
498;84;2001;10833
499;84;3001;10833
500;84;4001;10833
501;84;5001;949254
502;84;5001;9989208297
503;84;1001;10833
504;85;2001;10833
505;85;3001;10833
506;85;4001;10833
507;85;5001;949254
508;85;5001;9989064407
509;85;1001;10833
510;86;2001;10833
511;86;3001;10833
512;86;4001;10833
513;86;5001;949254
514;86;5001;9988920517
515;86;1001;10833
516;87;2001;10833
517;87;3001;10833
518;87;4001;10833
519;87;5001;949254
520;87;5001;9988776627
521;87;1001;10833
522;88;2001;10833
523;88;3001;10833
524;88;4001;10833
525;88;5001;949254
526;88;5001;9988632737
527;88;1001;10833
528;89;2001;10833
529;89;3001;10833
530;89;4001;10833
531;89;5001;949254
532;89;5001;9988488847
533;89;1001;10833
534;90;2001;10833
535;90;3001;10833
536;90;4001;10833
537;90;5001;949254
538;90;5001;9988344957
539;90;1001;10833
540;91;2001;10833
541;91;3001;10833
542;91;4001;10833
543;91;5001;949254
544;91;5001;9988208437
545;91;1001;10833
546;92;2001;10833
547;92;3001;10833
548;92;4001;10833
549;92;5001;949254
550;92;5001;9988071917
551;92;1001;10833
552;93;2001;10833
553;93;3001;10833
554;93;4001;10833
555;93;5001;949254
556;93;5001;9987935397
557;93;1001;10833
558;94;2001;10833
559;94;3001;10833
560;94;4001;10833
561;94;5001;949254
562;94;5001;9987798877
563;94;1001;10833
564;95;2001;10833
565;95;3001;10833
566;95;4001;10833
567;95;5001;949254
568;95;5001;9987662357
569;95;1001;10833
570;96;2001;10833
571;96;3001;10833
572;96;4001;10833
573;96;5001;949254
574;96;5001;9987525837
575;96;1001;10833
576;97;2001;10833
577;97;3001;10833
578;97;4001;10833
579;97;5001;949254
580;97;5001;9987389317
581;97;1001;10833
582;98;2001;10833
583;98;3001;10833
584;98;4001;10833
585;98;5001;949254
586;98;5001;9987252797
587;98;1001;10833
588;99;2001;10833
589;99;3001;10833
590;99;4001;10833
591;99;5001;949254
592;99;5001;9987116277
593;99;1001;10833
594;100;2001;10833
595;100;3001;10833
596;100;4001;10833
597;100;5001;949254
598;100;5001;9986979757
599;100;1001;10833
600;101;2001;10833
601;101;3001;10833
602;101;4001;10833
603;101;5001;949254
604;101;5001;9986818177
605;101;1001;10833
606;102;2001;10833
607;102;3001;10833
608;102;4001;10833
609;102;5001;949254
610;102;5001;9986656597
611;102;1001;10833
612;103;2001;10833
613;103;3001;10833
614;103;4001;10833
615;103;5001;949254
616;103;5001;9986495017
617;103;1001;10833
618;104;2001;10833
619;104;3001;10833
620;104;4001;10833
621;104;5001;949254
622;104;5001;9986333437
623;104;1001;10833
624;105;2001;10833
625;105;3001;10833
626;105;4001;10833
627;105;5001;949254
628;105;5001;9986171857
629;105;1001;10833
630;106;2001;10833
631;106;3001;10833
632;106;4001;10833
633;106;5001;949254
634;106;5001;9986010277
635;106;1001;10833
636;107;2001;10833
637;107;3001;10833
638;107;4001;10833
639;107;5001;949254
640;107;5001;9985848697
641;107;1001;10833
642;108;2001;10833
643;108;3001;10833
644;108;4001;10833
645;108;5001;949254
646;108;5001;9985687117
647;108;1001;10833
648;109;2001;10833
649;109;3001;10833
650;109;4001;10833
651;109;5001;949254
652;109;5001;9985525537
653;109;1001;10833
654;110;2001;10833
655;110;3001;10833
656;110;4001;10833
657;110;5001;949254
658;110;5001;9985363957
659;110;1001;10833
660;111;2001;10833
661;111;3001;10833
662;111;4001;10833
663;111;5001;949254
664;111;5001;9985258157
665;111;1001;10833
666;112;2001;10833
667;112;3001;10833
668;112;4001;10833
669;112;5001;949254
670;112;5001;9985152357
671;112;1001;10833
672;113;2001;10833
673;113;3001;10833
674;113;4001;10833
675;113;5001;949254
676;113;5001;9985046557
677;113;1001;10833
678;114;2001;10833
679;114;3001;10833
680;114;4001;10833
681;114;5001;949254
682;114;5001;9984940757
683;114;1001;10833
684;115;2001;10833
685;115;3001;10833
686;115;4001;10833
687;115;5001;949254
688;115;5001;9984834957
689;115;1001;10833
690;116;2001;10833
691;116;3001;10833
692;116;4001;10833
693;116;5001;949254
694;116;5001;9984729157
695;116;1001;10833
696;117;2001;10833
697;117;3001;10833
698;117;4001;10833
699;117;5001;949254
700;117;5001;9984623357
701;117;1001;10833
702;118;2001;10833
703;118;3001;10833
704;118;4001;10833
705;118;5001;949254
706;118;5001;9984517557
707;118;1001;10833
708;119;2001;10833
709;119;3001;10833
710;119;4001;10833
711;119;5001;949254
712;119;5001;9984411757
713;119;1001;10833
714;120;2001;10833
715;120;3001;10833
716;120;4001;10833
717;120;5001;949254
718;120;5001;9984305957
719;120;1001;10833
720;121;2001;10833
721;121;3001;10833
722;121;4001;10833
723;121;5001;949254
724;121;5001;9984193287
725;121;1001;10833
726;122;2001;10833
727;122;3001;10833
728;122;4001;10833
729;122;5001;949254
730;122;5001;9984080617
731;122;1001;10833
732;123;2001;10833
733;123;3001;10833
734;123;4001;10833
735;123;5001;949254
736;123;5001;9983967947
737;123;1001;10833
738;124;2001;10833
739;124;3001;10833
740;124;4001;10833
741;124;5001;949254
742;124;5001;9983855277
743;124;1001;10833
744;125;2001;10833
745;125;3001;10833
746;125;4001;10833
747;125;5001;949254
748;125;5001;9983742607
749;125;1001;10833
750;126;2001;10833
751;126;3001;10833
752;126;4001;10833
753;126;5001;949254
754;126;5001;9983629937
755;126;1001;10833
756;127;2001;10833
757;127;3001;10833
758;127;4001;10833
759;127;5001;949254
760;127;5001;9983517267
761;127;1001;10833
762;128;2001;10833
763;128;3001;10833
764;128;4001;10833
765;128;5001;949254
766;128;5001;9983404597
767;128;1001;10833
768;129;2001;10833
769;129;3001;10833
770;129;4001;10833
771;129;5001;949254
772;129;5001;9983291927
773;129;1001;10833
774;130;2001;10833
775;130;3001;10833
776;130;4001;10833
777;130;5001;949254
778;130;5001;9983179257
779;130;1001;10833
780;131;2001;10833
781;131;3001;10833
782;131;4001;10833
783;131;5001;949254
784;131;5001;9983045447
785;131;1001;10833
786;132;2001;10833
787;132;3001;10833
788;132;4001;10833
789;132;5001;949254
790;132;5001;9982911637
791;132;1001;10833
792;133;2001;10833
793;133;3001;10833
794;133;4001;10833
795;133;5001;949254
796;133;5001;9982777827
797;133;1001;10833
798;134;2001;10833
799;134;3001;10833
800;134;4001;10833
801;134;5001;949254
802;134;5001;9982644017
803;134;1001;10833
804;135;2001;10833
805;135;3001;10833
806;135;4001;10833
807;135;5001;949254
808;135;5001;9982510207
809;135;1001;10833
810;136;2001;10833
811;136;3001;10833
812;136;4001;10833
813;136;5001;949254
814;136;5001;9982376397
815;136;1001;10833
816;137;2001;10833
817;137;3001;10833
818;137;4001;10833
819;137;5001;949254
820;137;5001;9982242587
821;137;1001;10833
822;138;2001;10833
823;138;3001;10833
824;138;4001;10833
825;138;5001;949254
826;138;5001;9982108777
827;138;1001;10833
828;139;2001;10833
829;139;3001;10833
830;139;4001;10833
831;139;5001;949254
832;139;5001;9981974967
833;139;1001;10833
834;140;2001;10833
835;140;3001;10833
836;140;4001;10833
837;140;5001;949254
838;140;5001;9981841157
839;140;1001;10833
840;141;2001;10833
841;141;3001;10833
842;141;4001;10833
843;141;5001;949254
844;141;5001;9981718837
845;141;1001;10833
846;142;2001;10833
847;142;3001;10833
848;142;4001;10833
849;142;5001;949254
850;142;5001;9981596517
851;142;1001;10833
852;143;2001;10833
853;143;3001;10833
854;143;4001;10833
855;143;5001;949254
856;143;5001;9981474197
857;143;1001;10833
858;144;2001;10833
859;144;3001;10833
860;144;4001;10833
861;144;5001;949254
862;144;5001;9981351877
863;144;1001;10833
864;145;2001;10833
865;145;3001;10833
866;145;4001;10833
867;145;5001;949254
868;145;5001;9981229557
869;145;1001;10833
870;146;2001;10833
871;146;3001;10833
872;146;4001;10833
873;146;5001;949254
874;146;5001;9981107237
875;146;1001;10833
876;147;2001;10833
877;147;3001;10833
878;147;4001;10833
879;147;5001;949254
880;147;5001;9980984917
881;147;1001;10833
882;148;2001;10833
883;148;3001;10833
884;148;4001;10833
885;148;5001;949254
886;148;5001;9980862597
887;148;1001;10833
888;149;2001;10833
889;149;3001;10833
890;149;4001;10833
891;149;5001;949254
892;149;5001;9980740277
893;149;1001;10833
894;150;2001;10833
895;150;3001;10833
896;150;4001;10833
897;150;5001;949254
898;150;5001;9980617957
899;150;1001;10833
900;151;2001;10833
901;151;3001;10833
902;151;4001;10833
903;151;5001;949254
904;151;5001;9980477987
905;151;1001;10833
906;152;2001;10833
907;152;3001;10833
908;152;4001;10833
909;152;5001;949254
910;152;5001;9980338017
911;152;1001;10833
912;153;2001;10833
913;153;3001;10833
914;153;4001;10833
915;153;5001;949254
916;153;5001;9980198047
917;153;1001;10833
918;154;2001;10833
919;154;3001;10833
920;154;4001;10833
921;154;5001;949254
922;154;5001;9980058077
923;154;1001;10833
924;155;2001;10833
925;155;3001;10833
926;155;4001;10833
927;155;5001;949254
928;155;5001;9979918107
929;155;1001;10833
930;156;2001;10833
931;156;3001;10833
932;156;4001;10833
933;156;5001;949254
934;156;5001;9979778137
935;156;1001;10833
936;157;2001;10833
937;157;3001;10833
938;157;4001;10833
939;157;5001;949254
940;157;5001;9979638167
941;157;1001;10833
942;158;2001;10833
943;158;3001;10833
944;158;4001;10833
945;158;5001;949254
946;158;5001;9979498197
947;158;1001;10833
948;159;2001;10833
949;159;3001;10833
950;159;4001;10833
951;159;5001;949254
952;159;5001;9979358227
953;159;1001;10833
954;160;2001;10833
955;160;3001;10833
956;160;4001;10833
957;160;5001;949254
958;160;5001;9979218257
959;160;1001;10833
960;161;2001;10833
961;161;3001;10833
962;161;4001;10833
963;161;5001;949254
964;161;5001;9979057137
965;161;1001;10833
966;162;2001;10833
967;162;3001;10833
968;162;4001;10833
969;162;5001;949254
970;162;5001;9978896017
971;162;1001;10833
972;163;2001;10833
973;163;3001;10833
974;163;4001;10833
975;163;5001;949254
976;163;5001;9978734897
977;163;1001;10833
978;164;2001;10833
979;164;3001;10833
980;164;4001;10833
981;164;5001;949254
982;164;5001;9978573777
983;164;1001;10833
984;165;2001;10833
985;165;3001;10833
986;165;4001;10833
987;165;5001;949254
988;165;5001;9978412657
989;165;1001;10833
990;166;2001;10833
991;166;3001;10833
992;166;4001;10833
993;166;5001;949254
994;166;5001;9978251537
995;166;1001;10833
996;167;2001;10833
997;167;3001;10833
998;167;4001;10833
999;167;5001;949254
1000;167;5001;9978090417
1001;167;1001;10833
1002;168;2001;10833
1003;168;3001;10833
1004;168;4001;10833
1005;168;5001;949254
1006;168;5001;9977929297
1007;168;1001;10833
1008;169;2001;10833
1009;169;3001;10833
1010;169;4001;10833
1011;169;5001;949254
1012;169;5001;9977768177
1013;169;1001;10833
1014;170;2001;10833
1015;170;3001;10833
1016;170;4001;10833
1017;170;5001;949254
1018;170;5001;9977607057
1019;170;1001;10833
1020;171;2001;10833
1021;171;3001;10833
1022;171;4001;10833
1023;171;5001;949254
1024;171;5001;9977450357
1025;171;1001;10833
1026;172;2001;10833
1027;172;3001;10833
1028;172;4001;10833
1029;172;5001;949254
1030;172;5001;9977293657
1031;172;1001;10833
1032;173;2001;10833
1033;173;3001;10833
1034;173;4001;10833
1035;173;5001;949254
1036;173;5001;9977136957
1037;173;1001;10833
1038;174;2001;10833
1039;174;3001;10833
1040;174;4001;10833
1041;174;5001;949254
1042;174;5001;9976980257
1043;174;1001;10833
1044;175;2001;10833
1045;175;3001;10833
1046;175;4001;10833
1047;175;5001;949254
1048;175;5001;9976823557
1049;175;1001;10833
1050;176;2001;10833
1051;176;3001;10833
1052;176;4001;10833
1053;176;5001;949254
1054;176;5001;9976666857
1055;176;1001;10833
1056;177;2001;10833
1057;177;3001;10833
1058;177;4001;10833
1059;177;5001;949254
1060;177;5001;9976510157
1061;177;1001;10833
1062;178;2001;10833
1063;178;3001;10833
1064;178;4001;10833
1065;178;5001;949254
1066;178;5001;9976353457
1067;178;1001;10833
1068;179;2001;10833
1069;179;3001;10833
1070;179;4001;10833
1071;179;5001;949254
1072;179;5001;9976196757
1073;179;1001;10833
1074;180;2001;10833
1075;180;3001;10833
1076;180;4001;10833
1077;180;5001;949254
1078;180;5001;9976040057
1079;180;1001;10833
1080;181;2001;10833
1081;181;3001;10833
1082;181;4001;10833
1083;181;5001;949254
1084;181;5001;9975887247
1085;181;1001;10833
1086;182;2001;10833
1087;182;3001;10833
1088;182;4001;10833
1089;182;5001;949254
1090;182;5001;9975734437
1091;182;1001;10833
1092;183;2001;10833
1093;183;3001;10833
1094;183;4001;10833
1095;183;5001;949254
1096;183;5001;9975581627
1097;183;1001;10833
1098;184;2001;10833
1099;184;3001;10833
1100;184;4001;10833
1101;184;5001;949254
1102;184;5001;9975428817
1103;184;1001;10833
1104;185;2001;10833
1105;185;3001;10833
1106;185;4001;10833
1107;185;5001;949254
1108;185;5001;9975276007
1109;185;1001;10833
1110;186;2001;10833
1111;186;3001;10833
1112;186;4001;10833
1113;186;5001;949254
1114;186;5001;9975123197
1115;186;1001;10833
1116;187;2001;10833
1117;187;3001;10833
1118;187;4001;10833
1119;187;5001;949254
1120;187;5001;9974970387
1121;187;1001;10833
1122;188;2001;10833
1123;188;3001;10833
1124;188;4001;10833
1125;188;5001;949254
1126;188;5001;9974817577
1127;188;1001;10833
1128;189;2001;10833
1129;189;3001;10833
1130;189;4001;10833
1131;189;5001;949254
1132;189;5001;9974664767
1133;189;1001;10833
1134;190;2001;10833
1135;190;3001;10833
1136;190;4001;10833
1137;190;5001;949254
1138;190;5001;9974511957
1139;190;1001;10833
1140;191;2001;10833
1141;191;3001;10833
1142;191;4001;10833
1143;191;5001;949254
1144;191;5001;9974356897
1145;191;1001;10833
1146;192;2001;10833
1147;192;3001;10833
1148;192;4001;10833
1149;192;5001;949254
1150;192;5001;9974201837
1151;192;1001;10833
1152;193;2001;10833
1153;193;3001;10833
1154;193;4001;10833
1155;193;5001;949254
1156;193;5001;9974046777
1157;193;1001;10833
1158;194;2001;10833
1159;194;3001;10833
1160;194;4001;10833
1161;194;5001;949254
1162;194;5001;9973891717
1163;194;1001;10833
1164;195;2001;10833
1165;195;3001;10833
1166;195;4001;10833
1167;195;5001;949254
1168;195;5001;9973736657
1169;195;1001;10833
1170;196;2001;10833
1171;196;3001;10833
1172;196;4001;10833
1173;196;5001;949254
1174;196;5001;9973581597
1175;196;1001;10833
1176;197;2001;10833
1177;197;3001;10833
1178;197;4001;10833
1179;197;5001;949254
1180;197;5001;9973426537
1181;197;1001;10833
1182;198;2001;10833
1183;198;3001;10833
1184;198;4001;10833
1185;198;5001;949254
1186;198;5001;9973271477
1187;198;1001;10833
1188;199;2001;10833
1189;199;3001;10833
1190;199;4001;10833
1191;199;5001;949254
1192;199;5001;9973116417
1193;199;1001;10833
1194;200;2001;10833
1195;200;3001;10833
1196;200;4001;10833
1197;200;5001;949254
1198;200;5001;9972961357
1199;200;1001;10833
1200;201;2001;10833
1201;201;3001;10833
1202;201;4001;10833
1203;201;5001;949254
1204;201;5001;9972799477
1205;201;1001;10833
1206;202;2001;10833
1207;202;3001;10833
1208;202;4001;10833
1209;202;5001;949254
1210;202;5001;9972637597
1211;202;1001;10833
1212;203;2001;10833
1213;203;3001;10833
1214;203;4001;10833
1215;203;5001;949254
1216;203;5001;9972475717
1217;203;1001;10833
1218;204;2001;10833
1219;204;3001;10833
1220;204;4001;10833
1221;204;5001;949254
1222;204;5001;9972313837
1223;204;1001;10833
1224;205;2001;10833
1225;205;3001;10833
1226;205;4001;10833
1227;205;5001;949254
1228;205;5001;9972151957
1229;205;1001;10833
1230;206;2001;10833
1231;206;3001;10833
1232;206;4001;10833
1233;206;5001;949254
1234;206;5001;9971990077
1235;206;1001;10833
1236;207;2001;10833
1237;207;3001;10833
1238;207;4001;10833
1239;207;5001;949254
1240;207;5001;9971828197
1241;207;1001;10833
1242;208;2001;10833
1243;208;3001;10833
1244;208;4001;10833
1245;208;5001;949254
1246;208;5001;9971666317
1247;208;1001;10833
1248;209;2001;10833
1249;209;3001;10833
1250;209;4001;10833
1251;209;5001;949254
1252;209;5001;9971504437
1253;209;1001;10833
1254;210;2001;10833
1255;210;3001;10833
1256;210;4001;10833
1257;210;5001;949254
1258;210;5001;9971342557
1259;210;1001;10833
1260;211;2001;10833
1261;211;3001;10833
1262;211;4001;10833
1263;211;5001;949254
1264;211;5001;9971193097
1265;211;1001;10833
1266;212;2001;10833
1267;212;3001;10833
1268;212;4001;10833
1269;212;5001;949254
1270;212;5001;9971043637
1271;212;1001;10833
1272;213;2001;10833
1273;213;3001;10833
1274;213;4001;10833
1275;213;5001;949254
1276;213;5001;9970894177
1277;213;1001;10833
1278;214;2001;10833
1279;214;3001;10833
1280;214;4001;10833
1281;214;5001;949254
1282;214;5001;9970744717
1283;214;1001;10833
1284;215;2001;10833
1285;215;3001;10833
1286;215;4001;10833
1287;215;5001;949254
1288;215;5001;9970595257
1289;215;1001;10833
1290;216;2001;10833
1291;216;3001;10833
1292;216;4001;10833
1293;216;5001;949254
1294;216;5001;9970445797
1295;216;1001;10833
1296;217;2001;10833
1297;217;3001;10833
1298;217;4001;10833
1299;217;5001;949254
1300;217;5001;9970296337
1301;217;1001;10833
1302;218;2001;10833
1303;218;3001;10833
1304;218;4001;10833
1305;218;5001;949254
1306;218;5001;9970146877
1307;218;1001;10833
1308;219;2001;10833
1309;219;3001;10833
1310;219;4001;10833
1311;219;5001;949254
1312;219;5001;9969997417
1313;219;1001;10833
1314;220;2001;10833
1315;220;3001;10833
1316;220;4001;10833
1317;220;5001;949254
1318;220;5001;9969847957
1319;220;1001;10833
1320;221;2001;10833
1321;221;3001;10833
1322;221;4001;10833
1323;221;5001;949254
1324;221;5001;9969684607
1325;221;1001;10833
1326;222;2001;10833
1327;222;3001;10833
1328;222;4001;10833
1329;222;5001;949254
1330;222;5001;9969521257
1331;222;1001;10833
1332;223;2001;10833
1333;223;3001;10833
1334;223;4001;10833
1335;223;5001;949254
1336;223;5001;9969357907
1337;223;1001;10833
1338;224;2001;10833
1339;224;3001;10833
1340;224;4001;10833
1341;224;5001;949254
1342;224;5001;9969194557
1343;224;1001;10833
1344;225;2001;10833
1345;225;3001;10833
1346;225;4001;10833
1347;225;5001;949254
1348;225;5001;9969031207
1349;225;1001;10833
1350;226;2001;10833
1351;226;3001;10833
1352;226;4001;10833
1353;226;5001;949254
1354;226;5001;9968867857
1355;226;1001;10833
1356;227;2001;10833
1357;227;3001;10833
1358;227;4001;10833
1359;227;5001;949254
1360;227;5001;9968704507
1361;227;1001;10833
1362;228;2001;10833
1363;228;3001;10833
1364;228;4001;10833
1365;228;5001;949254
1366;228;5001;9968541157
1367;228;1001;10833
1368;229;2001;10833
1369;229;3001;10833
1370;229;4001;10833
1371;229;5001;949254
1372;229;5001;9968377807
1373;229;1001;10833
1374;230;2001;10833
1375;230;3001;10833
1376;230;4001;10833
1377;230;5001;949254
1378;230;5001;9968214457
1379;230;1001;10833
1380;231;2001;10833
1381;231;3001;10833
1382;231;4001;10833
1383;231;5001;949254
1384;231;5001;9968100877
1385;231;1001;10833
1386;232;2001;10833
1387;232;3001;10833
1388;232;4001;10833
1389;232;5001;949254
1390;232;5001;9967987297
1391;232;1001;10833
1392;233;2001;10833
1393;233;3001;10833
1394;233;4001;10833
1395;233;5001;949254
1396;233;5001;9967873717
1397;233;1001;10833
1398;234;2001;10833
1399;234;3001;10833
1400;234;4001;10833
1401;234;5001;949254
1402;234;5001;9967760137
1403;234;1001;10833
1404;235;2001;10833
1405;235;3001;10833
1406;235;4001;10833
1407;235;5001;949254
1408;235;5001;9967646557
1409;235;1001;10833
1410;236;2001;10833
1411;236;3001;10833
1412;236;4001;10833
1413;236;5001;949254
1414;236;5001;9967532977
1415;236;1001;10833
1416;237;2001;10833
1417;237;3001;10833
1418;237;4001;10833
1419;237;5001;949254
1420;237;5001;9967419397
1421;237;1001;10833
1422;238;2001;10833
1423;238;3001;10833
1424;238;4001;10833
1425;238;5001;949254
1426;238;5001;9967305817
1427;238;1001;10833
1428;239;2001;10833
1429;239;3001;10833
1430;239;4001;10833
1431;239;5001;949254
1432;239;5001;9967192237
1433;239;1001;10833
1434;240;2001;10833
1435;240;3001;10833
1436;240;4001;10833
1437;240;5001;949254
1438;240;5001;9967078657
1439;240;1001;10833
1440;241;2001;10833
1441;241;3001;10833
1442;241;4001;10833
1443;241;5001;949254
1444;241;5001;9966954967
1445;241;1001;10833
1446;242;2001;10833
1447;242;3001;10833
1448;242;4001;10833
1449;242;5001;949254
1450;242;5001;9966831277
1451;242;1001;10833
1452;243;2001;10833
1453;243;3001;10833
1454;243;4001;10833
1455;243;5001;949254
1456;243;5001;9966707587
1457;243;1001;10833
1458;244;2001;10833
1459;244;3001;10833
1460;244;4001;10833
1461;244;5001;949254
1462;244;5001;9966583897
1463;244;1001;10833
1464;245;2001;10833
1465;245;3001;10833
1466;245;4001;10833
1467;245;5001;949254
1468;245;5001;9966460207
1469;245;1001;10833
1470;246;2001;10833
1471;246;3001;10833
1472;246;4001;10833
1473;246;5001;949254
1474;246;5001;9966336517
1475;246;1001;10833
1476;247;2001;10833
1477;247;3001;10833
1478;247;4001;10833
1479;247;5001;949254
1480;247;5001;9966212827
1481;247;1001;10833
1482;248;2001;10833
1483;248;3001;10833
1484;248;4001;10833
1485;248;5001;949254
1486;248;5001;9966089137
1487;248;1001;10833
1488;249;2001;10833
1489;249;3001;10833
1490;249;4001;10833
1491;249;5001;949254
1492;249;5001;9965965447
1493;249;1001;10833
1494;250;2001;10833
1495;250;3001;10833
1496;250;4001;10833
1497;250;5001;949254
1498;250;5001;9965841757
1499;250;1001;10833
1500;251;2001;10833
1501;251;3001;10833
1502;251;4001;10833
1503;251;5001;949254
1504;251;5001;9965688427
1505;251;1001;10833
1506;252;2001;10833
1507;252;3001;10833
1508;252;4001;10833
1509;252;5001;949254
1510;252;5001;9965535097
1511;252;1001;10833
1512;253;2001;10833
1513;253;3001;10833
1514;253;4001;10833
1515;253;5001;949254
1516;253;5001;9965381767
1517;253;1001;10833
1518;254;2001;10833
1519;254;3001;10833
1520;254;4001;10833
1521;254;5001;949254
1522;254;5001;9965228437
1523;254;1001;10833
1524;255;2001;10833
1525;255;3001;10833
1526;255;4001;10833
1527;255;5001;949254
1528;255;5001;9965075107
1529;255;1001;10833
1530;256;2001;10833
1531;256;3001;10833
1532;256;4001;10833
1533;256;5001;949254
1534;256;5001;9964921777
1535;256;1001;10833
1536;257;2001;10833
1537;257;3001;10833
1538;257;4001;10833
1539;257;5001;949254
1540;257;5001;9964768447
1541;257;1001;10833
1542;258;2001;10833
1543;258;3001;10833
1544;258;4001;10833
1545;258;5001;949254
1546;258;5001;9964615117
1547;258;1001;10833
1548;259;2001;10833
1549;259;3001;10833
1550;259;4001;10833
1551;259;5001;949254
1552;259;5001;9964461787
1553;259;1001;10833
1554;260;2001;10833
1555;260;3001;10833
1556;260;4001;10833
1557;260;5001;949254
1558;260;5001;9964308457
1559;260;1001;10833
1560;261;2001;10833
1561;261;3001;10833
1562;261;4001;10833
1563;261;5001;949254
1564;261;5001;9964152607
1565;261;1001;10833
1566;262;2001;10833
1567;262;3001;10833
1568;262;4001;10833
1569;262;5001;949254
1570;262;5001;9963996757
1571;262;1001;10833
1572;263;2001;10833
1573;263;3001;10833
1574;263;4001;10833
1575;263;5001;949254
1576;263;5001;9963840907
1577;263;1001;10833
1578;264;2001;10833
1579;264;3001;10833
1580;264;4001;10833
1581;264;5001;949254
1582;264;5001;9963685057
1583;264;1001;10833
1584;265;2001;10833
1585;265;3001;10833
1586;265;4001;10833
1587;265;5001;949254
1588;265;5001;9963529207
1589;265;1001;10833
1590;266;2001;10833
1591;266;3001;10833
1592;266;4001;10833
1593;266;5001;949254
1594;266;5001;9963373357
1595;266;1001;10833
1596;267;2001;10833
1597;267;3001;10833
1598;267;4001;10833
1599;267;5001;949254
1600;267;5001;9963217507
1601;267;1001;10833
1602;268;2001;10833
1603;268;3001;10833
1604;268;4001;10833
1605;268;5001;949254
1606;268;5001;9963061657
1607;268;1001;10833
1608;269;2001;10833
1609;269;3001;10833
1610;269;4001;10833
1611;269;5001;949254
1612;269;5001;9962905807
1613;269;1001;10833
1614;270;2001;10833
1615;270;3001;10833
1616;270;4001;10833
1617;270;5001;949254
1618;270;5001;9962749957
1619;270;1001;10833
1620;271;2001;10833
1621;271;3001;10833
1622;271;4001;10833
1623;271;5001;949254
1624;271;5001;9962595407
1625;271;1001;10833
1626;272;2001;10833
1627;272;3001;10833
1628;272;4001;10833
1629;272;5001;949254
1630;272;5001;9962440857
1631;272;1001;10833
1632;273;2001;10833
1633;273;3001;10833
1634;273;4001;10833
1635;273;5001;949254
1636;273;5001;9962286307
1637;273;1001;10833
1638;274;2001;10833
1639;274;3001;10833
1640;274;4001;10833
1641;274;5001;949254
1642;274;5001;9962131757
1643;274;1001;10833
1644;275;2001;10833
1645;275;3001;10833
1646;275;4001;10833
1647;275;5001;949254
1648;275;5001;9961977207
1649;275;1001;10833
1650;276;2001;10833
1651;276;3001;10833
1652;276;4001;10833
1653;276;5001;949254
1654;276;5001;9961822657
1655;276;1001;10833
1656;277;2001;10833
1657;277;3001;10833
1658;277;4001;10833
1659;277;5001;949254
1660;277;5001;9961668107
1661;277;1001;10833
1662;278;2001;10833
1663;278;3001;10833
1664;278;4001;10833
1665;278;5001;949254
1666;278;5001;9961513557
1667;278;1001;10833
1668;279;2001;10833
1669;279;3001;10833
1670;279;4001;10833
1671;279;5001;949254
1672;279;5001;9961359007
1673;279;1001;10833
1674;280;2001;10833
1675;280;3001;10833
1676;280;4001;10833
1677;280;5001;949254
1678;280;5001;9961204457
1679;280;1001;10833
1680;281;2001;10833
1681;281;3001;10833
1682;281;4001;10833
1683;281;5001;949254
1684;281;5001;9961026697
1685;281;1001;10833
1686;282;2001;10833
1687;282;3001;10833
1688;282;4001;10833
1689;282;5001;949254
1690;282;5001;9960848937
1691;282;1001;10833
1692;283;2001;10833
1693;283;3001;10833
1694;283;4001;10833
1695;283;5001;949254
1696;283;5001;9960671177
1697;283;1001;10833
1698;284;2001;10833
1699;284;3001;10833
1700;284;4001;10833
1701;284;5001;949254
1702;284;5001;9960493417
1703;284;1001;10833
1704;285;2001;10833
1705;285;3001;10833
1706;285;4001;10833
1707;285;5001;949254
1708;285;5001;9960315657
1709;285;1001;10833
1710;286;2001;10833
1711;286;3001;10833
1712;286;4001;10833
1713;286;5001;949254
1714;286;5001;9960137897
1715;286;1001;10833
1716;287;2001;10833
1717;287;3001;10833
1718;287;4001;10833
1719;287;5001;949254
1720;287;5001;9959960137
1721;287;1001;10833
1722;288;2001;10833
1723;288;3001;10833
1724;288;4001;10833
1725;288;5001;949254
1726;288;5001;9959782377
1727;288;1001;10833
1728;289;2001;10833
1729;289;3001;10833
1730;289;4001;10833
1731;289;5001;949254
1732;289;5001;9959604617
1733;289;1001;10833
1734;290;2001;10833
1735;290;3001;10833
1736;290;4001;10833
1737;290;5001;949254
1738;290;5001;9959426857
1739;290;1001;10833
1740;291;2001;10833
1741;291;3001;10833
1742;291;4001;10833
1743;291;5001;949254
1744;291;5001;9959269937
1745;291;1001;10833
1746;292;2001;10833
1747;292;3001;10833
1748;292;4001;10833
1749;292;5001;949254
1750;292;5001;9959113017
1751;292;1001;10833
1752;293;2001;10833
1753;293;3001;10833
1754;293;4001;10833
1755;293;5001;949254
1756;293;5001;9958956097
1757;293;1001;10833
1758;294;2001;10833
1759;294;3001;10833
1760;294;4001;10833
1761;294;5001;949254
1762;294;5001;9958799177
1763;294;1001;10833
1764;295;2001;10833
1765;295;3001;10833
1766;295;4001;10833
1767;295;5001;949254
1768;295;5001;9958642257
1769;295;1001;10833
1770;296;2001;10833
1771;296;3001;10833
1772;296;4001;10833
1773;296;5001;949254
1774;296;5001;9958485337
1775;296;1001;10833
1776;297;2001;10833
1777;297;3001;10833
1778;297;4001;10833
1779;297;5001;949254
1780;297;5001;9958328417
1781;297;1001;10833
1782;298;2001;10833
1783;298;3001;10833
1784;298;4001;10833
1785;298;5001;949254
1786;298;5001;9958171497
1787;298;1001;10833
1788;299;2001;10833
1789;299;3001;10833
1790;299;4001;10833
1791;299;5001;949254
1792;299;5001;9958014577
1793;299;1001;10833
1794;300;2001;10833
1795;300;3001;10833
1796;300;4001;10833
1797;300;5001;949254
1798;300;5001;9957857657
1799;300;1001;10833
1800;301;2001;10833
1801;301;3001;10833
1802;301;4001;10833
1803;301;5001;949254
1804;301;5001;9957696617
1805;301;1001;10833
1806;302;2001;10833
1807;302;3001;10833
1808;302;4001;10833
1809;302;5001;949254
1810;302;5001;9957535577
1811;302;1001;10833
1812;303;2001;10833
1813;303;3001;10833
1814;303;4001;10833
1815;303;5001;949254
1816;303;5001;9957374537
1817;303;1001;10833
1818;304;2001;10833
1819;304;3001;10833
1820;304;4001;10833
1821;304;5001;949254
1822;304;5001;9957213497
1823;304;1001;10833
1824;305;2001;10833
1825;305;3001;10833
1826;305;4001;10833
1827;305;5001;949254
1828;305;5001;9957052457
1829;305;1001;10833
1830;306;2001;10833
1831;306;3001;10833
1832;306;4001;10833
1833;306;5001;949254
1834;306;5001;9956891417
1835;306;1001;10833
1836;307;2001;10833
1837;307;3001;10833
1838;307;4001;10833
1839;307;5001;949254
1840;307;5001;9956730377
1841;307;1001;10833
1842;308;2001;10833
1843;308;3001;10833
1844;308;4001;10833
1845;308;5001;949254
1846;308;5001;9956569337
1847;308;1001;10833
1848;309;2001;10833
1849;309;3001;10833
1850;309;4001;10833
1851;309;5001;949254
1852;309;5001;9956408297
1853;309;1001;10833
1854;310;2001;10833
1855;310;3001;10833
1856;310;4001;10833
1857;310;5001;949254
1858;310;5001;9956247257
1859;310;1001;10833
1860;311;2001;10833
1861;311;3001;10833
1862;311;4001;10833
1863;311;5001;949254
1864;311;5001;9956089017
1865;311;1001;10833
1866;312;2001;10833
1867;312;3001;10833
1868;312;4001;10833
1869;312;5001;949254
1870;312;5001;9955930777
1871;312;1001;10833
1872;313;2001;10833
1873;313;3001;10833
1874;313;4001;10833
1875;313;5001;949254
1876;313;5001;9955772537
1877;313;1001;10833
1878;314;2001;10833
1879;314;3001;10833
1880;314;4001;10833
1881;314;5001;949254
1882;314;5001;9955614297
1883;314;1001;10833
1884;315;2001;10833
1885;315;3001;10833
1886;315;4001;10833
1887;315;5001;949254
1888;315;5001;9955456057
1889;315;1001;10833
1890;316;2001;10833
1891;316;3001;10833
1892;316;4001;10833
1893;316;5001;949254
1894;316;5001;9955297817
1895;316;1001;10833
1896;317;2001;10833
1897;317;3001;10833
1898;317;4001;10833
1899;317;5001;949254
1900;317;5001;9955139577
1901;317;1001;10833
1902;318;2001;10833
1903;318;3001;10833
1904;318;4001;10833
1905;318;5001;949254
1906;318;5001;9954981337
1907;318;1001;10833
1908;319;2001;10833
1909;319;3001;10833
1910;319;4001;10833
1911;319;5001;949254
1912;319;5001;9954823097
1913;319;1001;10833
1914;320;2001;10833
1915;320;3001;10833
1916;320;4001;10833
1917;320;5001;949254
1918;320;5001;9954664857
1919;320;1001;10833
1920;321;2001;10833
1921;321;3001;10833
1922;321;4001;10833
1923;321;5001;949254
1924;321;5001;9954508727
1925;321;1001;10833
1926;322;2001;10833
1927;322;3001;10833
1928;322;4001;10833
1929;322;5001;949254
1930;322;5001;9954352597
1931;322;1001;10833
1932;323;2001;10833
1933;323;3001;10833
1934;323;4001;10833
1935;323;5001;949254
1936;323;5001;9954196467
1937;323;1001;10833
1938;324;2001;10833
1939;324;3001;10833
1940;324;4001;10833
1941;324;5001;949254
1942;324;5001;9954040337
1943;324;1001;10833
1944;325;2001;10833
1945;325;3001;10833
1946;325;4001;10833
1947;325;5001;949254
1948;325;5001;9953884207
1949;325;1001;10833
1950;326;2001;10833
1951;326;3001;10833
1952;326;4001;10833
1953;326;5001;949254
1954;326;5001;9953728077
1955;326;1001;10833
1956;327;2001;10833
1957;327;3001;10833
1958;327;4001;10833
1959;327;5001;949254
1960;327;5001;9953571947
1961;327;1001;10833
1962;328;2001;10833
1963;328;3001;10833
1964;328;4001;10833
1965;328;5001;949254
1966;328;5001;9953415817
1967;328;1001;10833
1968;329;2001;10833
1969;329;3001;10833
1970;329;4001;10833
1971;329;5001;949254
1972;329;5001;9953259687
1973;329;1001;10833
1974;330;2001;10833
1975;330;3001;10833
1976;330;4001;10833
1977;330;5001;949254
1978;330;5001;9953103557
1979;330;1001;10833
1980;331;2001;10833
1981;331;3001;10833
1982;331;4001;10833
1983;331;5001;949254
1984;331;5001;9952934597
1985;331;1001;10833
1986;332;2001;10833
1987;332;3001;10833
1988;332;4001;10833
1989;332;5001;949254
1990;332;5001;9952765637
1991;332;1001;10833
1992;333;2001;10833
1993;333;3001;10833
1994;333;4001;10833
1995;333;5001;949254
1996;333;5001;9952596677
1997;333;1001;10833
1998;334;2001;10833
1999;334;3001;10833
2000;334;4001;10833
2001;334;5001;949254
2002;334;5001;9952427717
2003;334;1001;10833
2004;335;2001;10833
2005;335;3001;10833
2006;335;4001;10833
2007;335;5001;949254
2008;335;5001;9952258757
2009;335;1001;10833
2010;336;2001;10833
2011;336;3001;10833
2012;336;4001;10833
2013;336;5001;949254
2014;336;5001;9952089797
2015;336;1001;10833
2016;337;2001;10833
2017;337;3001;10833
2018;337;4001;10833
2019;337;5001;949254
2020;337;5001;9951920837
2021;337;1001;10833
2022;338;2001;10833
2023;338;3001;10833
2024;338;4001;10833
2025;338;5001;949254
2026;338;5001;9951751877
2027;338;1001;10833
2028;339;2001;10833
2029;339;3001;10833
2030;339;4001;10833
2031;339;5001;949254
2032;339;5001;9951582917
2033;339;1001;10833
2034;340;2001;10833
2035;340;3001;10833
2036;340;4001;10833
2037;340;5001;949254
2038;340;5001;9951413957
2039;340;1001;10833
2040;341;2001;10833
2041;341;3001;10833
2042;341;4001;10833
2043;341;5001;949254
2044;341;5001;9951232567
2045;341;1001;10833
2046;342;2001;10833
2047;342;3001;10833
2048;342;4001;10833
2049;342;5001;949254
2050;342;5001;9951051177
2051;342;1001;10833
2052;343;2001;10833
2053;343;3001;10833
2054;343;4001;10833
2055;343;5001;949254
2056;343;5001;9950869787
2057;343;1001;10833
2058;344;2001;10833
2059;344;3001;10833
2060;344;4001;10833
2061;344;5001;949254
2062;344;5001;9950688397
2063;344;1001;10833
2064;345;2001;10833
2065;345;3001;10833
2066;345;4001;10833
2067;345;5001;949254
2068;345;5001;9950507007
2069;345;1001;10833
2070;346;2001;10833
2071;346;3001;10833
2072;346;4001;10833
2073;346;5001;949254
2074;346;5001;9950325617
2075;346;1001;10833
2076;347;2001;10833
2077;347;3001;10833
2078;347;4001;10833
2079;347;5001;949254
2080;347;5001;9950144227
2081;347;1001;10833
2082;348;2001;10833
2083;348;3001;10833
2084;348;4001;10833
2085;348;5001;949254
2086;348;5001;9949962837
2087;348;1001;10833
2088;349;2001;10833
2089;349;3001;10833
2090;349;4001;10833
2091;349;5001;949254
2092;349;5001;9949781447
2093;349;1001;10833
2094;350;2001;10833
2095;350;3001;10833
2096;350;4001;10833
2097;350;5001;949254
2098;350;5001;9949600057
2099;350;1001;10833
2100;351;2001;10833
2101;351;3001;10833
2102;351;4001;10833
2103;351;5001;949254
2104;351;5001;9949480797
2105;351;1001;10833
2106;352;2001;10833
2107;352;3001;10833
2108;352;4001;10833
2109;352;5001;949254
2110;352;5001;9949361537
2111;352;1001;10833
2112;353;2001;10833
2113;353;3001;10833
2114;353;4001;10833
2115;353;5001;949254
2116;353;5001;9949242277
2117;353;1001;10833
2118;354;2001;10833
2119;354;3001;10833
2120;354;4001;10833
2121;354;5001;949254
2122;354;5001;9949123017
2123;354;1001;10833
2124;355;2001;10833
2125;355;3001;10833
2126;355;4001;10833
2127;355;5001;949254
2128;355;5001;9949003757
2129;355;1001;10833
2130;356;2001;10833
2131;356;3001;10833
2132;356;4001;10833
2133;356;5001;949254
2134;356;5001;9948884497
2135;356;1001;10833
2136;357;2001;10833
2137;357;3001;10833
2138;357;4001;10833
2139;357;5001;949254
2140;357;5001;9948765237
2141;357;1001;10833
2142;358;2001;10833
2143;358;3001;10833
2144;358;4001;10833
2145;358;5001;949254
2146;358;5001;9948645977
2147;358;1001;10833
2148;359;2001;10833
2149;359;3001;10833
2150;359;4001;10833
2151;359;5001;949254
2152;359;5001;9948526717
2153;359;1001;10833
2154;360;2001;10833
2155;360;3001;10833
2156;360;4001;10833
2157;360;5001;949254
2158;360;5001;9948407457
2159;360;1001;10833
2160;361;2001;10833
2161;361;3001;10833
2162;361;4001;10833
2163;361;5001;949254
2164;361;5001;9948274167
2165;361;1001;10833
2166;362;2001;10833
2167;362;3001;10833
2168;362;4001;10833
2169;362;5001;949254
2170;362;5001;9948140877
2171;362;1001;10833
2172;363;2001;10833
2173;363;3001;10833
2174;363;4001;10833
2175;363;5001;949254
2176;363;5001;9948007587
2177;363;1001;10833
2178;364;2001;10833
2179;364;3001;10833
2180;364;4001;10833
2181;364;5001;949254
2182;364;5001;9947874297
2183;364;1001;10833
2184;365;2001;10833
2185;365;3001;10833
2186;365;4001;10833
2187;365;5001;949254
2188;365;5001;9947741007
2189;365;1001;10833
